experiment_type,dataset,plot_type,horizon,seed,mode,layer_idx,rmse_knockout,delta_rmse
W1,ETTm2,knockout_curve,96,42,per_layer,0,3.4822433539254214,0.0086253323379472
W1,ETTm2,knockout_curve,96,42,per_layer,1,3.472514592522729,-0.0011034290647451
W1,ETTm2,knockout_curve,96,42,per_layer,2,3.4715034035255576,-0.0021146180619164
W1,ETTm2,knockout_curve,96,42,per_layer,3,3.477924985966215,0.004306964378741
W1,ETTm2,knockout_curve,96,42,per_layer,4,3.4712738910704943,-0.0023441305169797
W1,ETTm2,knockout_curve,96,42,per_layer,5,3.468303744215316,-0.0053142773721579
W1,ETTm2,knockout_curve,96,42,per_layer,6,3.466664785560422,-0.0069532360270523
W1,ETTm2,knockout_curve,96,42,last_layer,0,3.671277714407178,0.0
W1,ETTm2,knockout_curve,96,42,last_layer,1,3.671277714407178,0.0
W1,ETTm2,knockout_curve,96,42,last_layer,2,3.671277714407178,0.0
W1,ETTm2,knockout_curve,96,42,last_layer,3,3.671277714407178,0.0
W1,ETTm2,knockout_curve,96,42,last_layer,4,3.671277714407178,0.0
W1,ETTm2,knockout_curve,96,42,last_layer,5,3.671277714407178,0.0
W1,ETTm2,knockout_curve,96,42,last_layer,6,3.671277714407178,0.0
W1,ETTm2,knockout_curve,96,2,per_layer,0,3.4395405774228784,-0.0310035696942376
W1,ETTm2,knockout_curve,96,2,per_layer,1,3.475492967564509,0.0049488204473933
W1,ETTm2,knockout_curve,96,2,per_layer,2,3.448888106760552,-0.0216560403565644
W1,ETTm2,knockout_curve,96,2,per_layer,3,3.4641733473060814,-0.0063707998110347
W1,ETTm2,knockout_curve,96,2,per_layer,4,3.469789580155416,-0.0007545669617003
W1,ETTm2,knockout_curve,96,2,per_layer,5,3.464330872258092,-0.0062132748590242
W1,ETTm2,knockout_curve,96,2,per_layer,6,3.4560674986809734,-0.0144766484361427
W1,ETTm2,knockout_curve,96,2,last_layer,0,3.67407772118886,0.0
W1,ETTm2,knockout_curve,96,2,last_layer,1,3.67407772118886,0.0
W1,ETTm2,knockout_curve,96,2,last_layer,2,3.67407772118886,0.0
W1,ETTm2,knockout_curve,96,2,last_layer,3,3.67407772118886,0.0
W1,ETTm2,knockout_curve,96,2,last_layer,4,3.67407772118886,0.0
W1,ETTm2,knockout_curve,96,2,last_layer,5,3.67407772118886,0.0
W1,ETTm2,knockout_curve,96,2,last_layer,6,3.67407772118886,0.0
W1,ETTm2,knockout_curve,96,3,per_layer,0,3.4754815628072047,0.0044263816898197
W1,ETTm2,knockout_curve,96,3,per_layer,1,3.471678078283748,0.0006228971663633
W1,ETTm2,knockout_curve,96,3,per_layer,2,3.46971753174277,-0.0013376493746148
W1,ETTm2,knockout_curve,96,3,per_layer,3,3.4708684025305367,-0.0001867785868481
W1,ETTm2,knockout_curve,96,3,per_layer,4,3.469664451446795,-0.0013907296705899
W1,ETTm2,knockout_curve,96,3,per_layer,5,3.468998764617219,-0.0020564165001659
W1,ETTm2,knockout_curve,96,3,per_layer,6,3.470355342583568,-0.000699838533817
W1,ETTm2,knockout_curve,96,3,last_layer,0,3.672531601414856,0.0
W1,ETTm2,knockout_curve,96,3,last_layer,1,3.672531601414856,0.0
W1,ETTm2,knockout_curve,96,3,last_layer,2,3.672531601414856,0.0
W1,ETTm2,knockout_curve,96,3,last_layer,3,3.672531601414856,0.0
W1,ETTm2,knockout_curve,96,3,last_layer,4,3.672531601414856,0.0
W1,ETTm2,knockout_curve,96,3,last_layer,5,3.672531601414856,0.0
W1,ETTm2,knockout_curve,96,3,last_layer,6,3.672531601414856,0.0
W1,ETTm2,knockout_curve,96,5,per_layer,0,3.4817205090476464,0.0002203329419252
W1,ETTm2,knockout_curve,96,5,per_layer,1,3.4813958049567764,-0.0001043711489447
W1,ETTm2,knockout_curve,96,5,per_layer,2,3.4816286360306927,0.0001284599249715
W1,ETTm2,knockout_curve,96,5,per_layer,3,3.4846814344051777,0.0031812582994565
W1,ETTm2,knockout_curve,96,5,per_layer,4,3.4800669613256483,-0.0014332147800728
W1,ETTm2,knockout_curve,96,5,per_layer,5,3.477989741179754,-0.0035104349259671
W1,ETTm2,knockout_curve,96,5,per_layer,6,3.4732206423403555,-0.0082795337653656
W1,ETTm2,knockout_curve,96,5,last_layer,0,3.6739702007014494,0.0
W1,ETTm2,knockout_curve,96,5,last_layer,1,3.6739702007014494,0.0
W1,ETTm2,knockout_curve,96,5,last_layer,2,3.6739702007014494,0.0
W1,ETTm2,knockout_curve,96,5,last_layer,3,3.6739702007014494,0.0
W1,ETTm2,knockout_curve,96,5,last_layer,4,3.6739702007014494,0.0
W1,ETTm2,knockout_curve,96,5,last_layer,5,3.6739702007014494,0.0
W1,ETTm2,knockout_curve,96,5,last_layer,6,3.6739702007014494,0.0
W1,ETTm2,knockout_curve,96,7,per_layer,0,3.490115609805813,0.0006706978325783
W1,ETTm2,knockout_curve,96,7,per_layer,1,3.488184884715452,-0.0012600272577825
W1,ETTm2,knockout_curve,96,7,per_layer,2,3.490310676809653,0.0008657648364187
W1,ETTm2,knockout_curve,96,7,per_layer,3,3.49290882081568,0.0034639088424448
W1,ETTm2,knockout_curve,96,7,per_layer,4,3.4882371820654354,-0.001207729907799
W1,ETTm2,knockout_curve,96,7,per_layer,5,3.4843296983169707,-0.0051152136562637
W1,ETTm2,knockout_curve,96,7,per_layer,6,3.479120068653722,-0.0103248433195126
W1,ETTm2,knockout_curve,96,7,last_layer,0,3.722086552032595,0.0
W1,ETTm2,knockout_curve,96,7,last_layer,1,3.722086552032595,0.0
W1,ETTm2,knockout_curve,96,7,last_layer,2,3.722086552032595,0.0
W1,ETTm2,knockout_curve,96,7,last_layer,3,3.722086552032595,0.0
W1,ETTm2,knockout_curve,96,7,last_layer,4,3.722086552032595,0.0
W1,ETTm2,knockout_curve,96,7,last_layer,5,3.722086552032595,0.0
W1,ETTm2,knockout_curve,96,7,last_layer,6,3.722086552032595,0.0
W1,ETTm2,knockout_curve,96,11,per_layer,0,3.4882794120972087,-0.0127333614328088
W1,ETTm2,knockout_curve,96,11,per_layer,1,3.5021676888896733,0.0011549153596557
W1,ETTm2,knockout_curve,96,11,per_layer,2,3.497549433698442,-0.0034633398315757
W1,ETTm2,knockout_curve,96,11,per_layer,3,3.49366585431494,-0.0073469192150779
W1,ETTm2,knockout_curve,96,11,per_layer,4,3.4951677940381782,-0.0058449794918393
W1,ETTm2,knockout_curve,96,11,per_layer,5,3.495521303437632,-0.005491470092386
W1,ETTm2,knockout_curve,96,11,per_layer,6,3.4870119821086947,-0.0140007914213229
W1,ETTm2,knockout_curve,96,11,last_layer,0,3.69895881424972,0.0
W1,ETTm2,knockout_curve,96,11,last_layer,1,3.69895881424972,0.0
W1,ETTm2,knockout_curve,96,11,last_layer,2,3.69895881424972,0.0
W1,ETTm2,knockout_curve,96,11,last_layer,3,3.69895881424972,0.0
W1,ETTm2,knockout_curve,96,11,last_layer,4,3.69895881424972,0.0
W1,ETTm2,knockout_curve,96,11,last_layer,5,3.69895881424972,0.0
W1,ETTm2,knockout_curve,96,11,last_layer,6,3.69895881424972,0.0
W1,ETTm2,knockout_curve,96,13,per_layer,0,3.443952777609072,-0.017337702268303
W1,ETTm2,knockout_curve,96,13,per_layer,1,3.456751471814677,-0.0045390080626979
W1,ETTm2,knockout_curve,96,13,per_layer,2,3.463574979349066,0.0022844994716915
W1,ETTm2,knockout_curve,96,13,per_layer,3,3.460458404085776,-0.0008320757915987
W1,ETTm2,knockout_curve,96,13,per_layer,4,3.460197858352798,-0.0010926215245765
W1,ETTm2,knockout_curve,96,13,per_layer,5,3.455792335957915,-0.0054981439194596
W1,ETTm2,knockout_curve,96,13,per_layer,6,3.4517412057395136,-0.0095492741378611
W1,ETTm2,knockout_curve,96,13,last_layer,0,3.6876743404749135,0.0
W1,ETTm2,knockout_curve,96,13,last_layer,1,3.6876743404749135,0.0
W1,ETTm2,knockout_curve,96,13,last_layer,2,3.6876743404749135,0.0
W1,ETTm2,knockout_curve,96,13,last_layer,3,3.6876743404749135,0.0
W1,ETTm2,knockout_curve,96,13,last_layer,4,3.6876743404749135,0.0
W1,ETTm2,knockout_curve,96,13,last_layer,5,3.6876743404749135,0.0
W1,ETTm2,knockout_curve,96,13,last_layer,6,3.6876743404749135,0.0
W1,ETTm2,knockout_curve,96,17,per_layer,0,3.481774106467677,3.770513896705907e-05
W1,ETTm2,knockout_curve,96,17,per_layer,1,3.484131530643061,0.0023951293143507
W1,ETTm2,knockout_curve,96,17,per_layer,2,3.4771162257669785,-0.0046201755617318
W1,ETTm2,knockout_curve,96,17,per_layer,3,3.4790667856428703,-0.0026696156858401
W1,ETTm2,knockout_curve,96,17,per_layer,4,3.475564909555435,-0.0061714917732755
W1,ETTm2,knockout_curve,96,17,per_layer,5,3.4741934228300297,-0.0075429784986806
W1,ETTm2,knockout_curve,96,17,per_layer,6,3.4748710658868154,-0.006865335441895
W1,ETTm2,knockout_curve,96,17,last_layer,0,3.718356704676124,0.0
W1,ETTm2,knockout_curve,96,17,last_layer,1,3.718356704676124,0.0
W1,ETTm2,knockout_curve,96,17,last_layer,2,3.718356704676124,0.0
W1,ETTm2,knockout_curve,96,17,last_layer,3,3.718356704676124,0.0
W1,ETTm2,knockout_curve,96,17,last_layer,4,3.718356704676124,0.0
W1,ETTm2,knockout_curve,96,17,last_layer,5,3.718356704676124,0.0
W1,ETTm2,knockout_curve,96,17,last_layer,6,3.718356704676124,0.0
W1,ETTm2,knockout_curve,96,19,per_layer,0,3.4622695145209623,-0.0139232158570656
W1,ETTm2,knockout_curve,96,19,per_layer,1,3.467753002805803,-0.0084397275722252
W1,ETTm2,knockout_curve,96,19,per_layer,2,3.4760400320419533,-0.0001526983360746
W1,ETTm2,knockout_curve,96,19,per_layer,3,3.477931172294717,0.0017384419166894
W1,ETTm2,knockout_curve,96,19,per_layer,4,3.474095891988792,-0.0020968383892361
W1,ETTm2,knockout_curve,96,19,per_layer,5,3.472216140078232,-0.0039765902997963
W1,ETTm2,knockout_curve,96,19,per_layer,6,3.466307810956373,-0.0098849194216548
W1,ETTm2,knockout_curve,96,19,last_layer,0,3.729974303198965,0.0
W1,ETTm2,knockout_curve,96,19,last_layer,1,3.729974303198965,0.0
W1,ETTm2,knockout_curve,96,19,last_layer,2,3.729974303198965,0.0
W1,ETTm2,knockout_curve,96,19,last_layer,3,3.729974303198965,0.0
W1,ETTm2,knockout_curve,96,19,last_layer,4,3.729974303198965,0.0
W1,ETTm2,knockout_curve,96,19,last_layer,5,3.729974303198965,0.0
W1,ETTm2,knockout_curve,96,19,last_layer,6,3.729974303198965,0.0
W1,ETTm2,knockout_curve,96,23,per_layer,0,3.466651562488258,-0.0115548175752242
W1,ETTm2,knockout_curve,96,23,per_layer,1,3.474900210563676,-0.003306169499806
W1,ETTm2,knockout_curve,96,23,per_layer,2,3.472537362134404,-0.0056690179290788
W1,ETTm2,knockout_curve,96,23,per_layer,3,3.4719379726851027,-0.0062684073783794
W1,ETTm2,knockout_curve,96,23,per_layer,4,3.4742337965702625,-0.0039725834932196
W1,ETTm2,knockout_curve,96,23,per_layer,5,3.4716612163674943,-0.0065451636959878
W1,ETTm2,knockout_curve,96,23,per_layer,6,3.4646821171181488,-0.0135242629453333
W1,ETTm2,knockout_curve,96,23,last_layer,0,3.634784539605539,0.0
W1,ETTm2,knockout_curve,96,23,last_layer,1,3.634784539605539,0.0
W1,ETTm2,knockout_curve,96,23,last_layer,2,3.634784539605539,0.0
W1,ETTm2,knockout_curve,96,23,last_layer,3,3.634784539605539,0.0
W1,ETTm2,knockout_curve,96,23,last_layer,4,3.634784539605539,0.0
W1,ETTm2,knockout_curve,96,23,last_layer,5,3.634784539605539,0.0
W1,ETTm2,knockout_curve,96,23,last_layer,6,3.634784539605539,0.0
W1,ETTm2,knockout_curve,192,42,per_layer,0,4.025001398740541,-0.0151270195118771
W1,ETTm2,knockout_curve,192,42,per_layer,1,4.037486789355375,-0.0026416288970425
W1,ETTm2,knockout_curve,192,42,per_layer,2,4.036994573383298,-0.0031338448691196
W1,ETTm2,knockout_curve,192,42,per_layer,3,4.043413097838805,0.003284679586387
W1,ETTm2,knockout_curve,192,42,per_layer,4,4.03362915526441,-0.006499262988008
W1,ETTm2,knockout_curve,192,42,per_layer,5,4.025957660662855,-0.0141707575895626
W1,ETTm2,knockout_curve,192,42,per_layer,6,4.009119032153298,-0.0310093860991198
W1,ETTm2,knockout_curve,192,42,last_layer,0,4.221583432997655,0.0
W1,ETTm2,knockout_curve,192,42,last_layer,1,4.221583432997655,0.0
W1,ETTm2,knockout_curve,192,42,last_layer,2,4.221583432997655,0.0
W1,ETTm2,knockout_curve,192,42,last_layer,3,4.221583432997655,0.0
W1,ETTm2,knockout_curve,192,42,last_layer,4,4.221583432997655,0.0
W1,ETTm2,knockout_curve,192,42,last_layer,5,4.221583432997655,0.0
W1,ETTm2,knockout_curve,192,42,last_layer,6,4.221583432997655,0.0
W1,ETTm2,knockout_curve,192,2,per_layer,0,3.97439678578131,-0.037415570380042
W1,ETTm2,knockout_curve,192,2,per_layer,1,4.0103567434165415,-0.0014556127448104
W1,ETTm2,knockout_curve,192,2,per_layer,2,4.010579190435699,-0.0012331657256527
W1,ETTm2,knockout_curve,192,2,per_layer,3,4.011686185268908,-0.000126170892444
W1,ETTm2,knockout_curve,192,2,per_layer,4,4.014607884466013,0.0027955283046612
W1,ETTm2,knockout_curve,192,2,per_layer,5,4.002052780021847,-0.0097595761395048
W1,ETTm2,knockout_curve,192,2,per_layer,6,3.985898966788811,-0.0259133893725409
W1,ETTm2,knockout_curve,192,2,last_layer,0,4.218752254222718,0.0
W1,ETTm2,knockout_curve,192,2,last_layer,1,4.218752254222718,0.0
W1,ETTm2,knockout_curve,192,2,last_layer,2,4.218752254222718,0.0
W1,ETTm2,knockout_curve,192,2,last_layer,3,4.218752254222718,0.0
W1,ETTm2,knockout_curve,192,2,last_layer,4,4.218752254222718,0.0
W1,ETTm2,knockout_curve,192,2,last_layer,5,4.218752254222718,0.0
W1,ETTm2,knockout_curve,192,2,last_layer,6,4.218752254222718,0.0
W1,ETTm2,knockout_curve,192,3,per_layer,0,4.003375831740888,-0.0022262916326862
W1,ETTm2,knockout_curve,192,3,per_layer,1,4.0085039141619925,0.0029017907884183
W1,ETTm2,knockout_curve,192,3,per_layer,2,4.010242158581225,0.0046400352076512
W1,ETTm2,knockout_curve,192,3,per_layer,3,4.020220107220249,0.0146179838466746
W1,ETTm2,knockout_curve,192,3,per_layer,4,4.013912466801167,0.0083103434275928
W1,ETTm2,knockout_curve,192,3,per_layer,5,3.9910994416759342,-0.0145026816976399
W1,ETTm2,knockout_curve,192,3,per_layer,6,3.9846241933704993,-0.0209779300030747
W1,ETTm2,knockout_curve,192,3,last_layer,0,4.207059396551586,0.0
W1,ETTm2,knockout_curve,192,3,last_layer,1,4.207059396551586,0.0
W1,ETTm2,knockout_curve,192,3,last_layer,2,4.207059396551586,0.0
W1,ETTm2,knockout_curve,192,3,last_layer,3,4.207059396551586,0.0
W1,ETTm2,knockout_curve,192,3,last_layer,4,4.207059396551586,0.0
W1,ETTm2,knockout_curve,192,3,last_layer,5,4.207059396551586,0.0
W1,ETTm2,knockout_curve,192,3,last_layer,6,4.207059396551586,0.0
W1,ETTm2,knockout_curve,192,5,per_layer,0,4.03409636718968,0.0013557050019388
W1,ETTm2,knockout_curve,192,5,per_layer,1,4.02874752639857,-0.0039931357891713
W1,ETTm2,knockout_curve,192,5,per_layer,2,4.033010599796118,0.0002699376083761
W1,ETTm2,knockout_curve,192,5,per_layer,3,4.032780394991486,3.97328037449185e-05
W1,ETTm2,knockout_curve,192,5,per_layer,4,4.0317975317526935,-0.000943130435048
W1,ETTm2,knockout_curve,192,5,per_layer,5,4.027417940971865,-0.0053227212158768
W1,ETTm2,knockout_curve,192,5,per_layer,6,4.023114856091416,-0.0096258060963254
W1,ETTm2,knockout_curve,192,5,last_layer,0,4.241937122515565,0.0
W1,ETTm2,knockout_curve,192,5,last_layer,1,4.241937122515565,0.0
W1,ETTm2,knockout_curve,192,5,last_layer,2,4.241937122515565,0.0
W1,ETTm2,knockout_curve,192,5,last_layer,3,4.241937122515565,0.0
W1,ETTm2,knockout_curve,192,5,last_layer,4,4.241937122515565,0.0
W1,ETTm2,knockout_curve,192,5,last_layer,5,4.241937122515565,0.0
W1,ETTm2,knockout_curve,192,5,last_layer,6,4.241937122515565,0.0
W1,ETTm2,knockout_curve,192,7,per_layer,0,4.01550906670932,0.0025005904412065
W1,ETTm2,knockout_curve,192,7,per_layer,1,4.010088205821255,-0.0029202704468582
W1,ETTm2,knockout_curve,192,7,per_layer,2,4.029098990382253,0.0160905141141398
W1,ETTm2,knockout_curve,192,7,per_layer,3,4.019880484164668,0.0068720078965549
W1,ETTm2,knockout_curve,192,7,per_layer,4,4.010385336330851,-0.0026231399372624
W1,ETTm2,knockout_curve,192,7,per_layer,5,4.003894253589544,-0.0091142226785692
W1,ETTm2,knockout_curve,192,7,per_layer,6,3.992398037104756,-0.0206104391633572
W1,ETTm2,knockout_curve,192,7,last_layer,0,4.213084568254221,0.0
W1,ETTm2,knockout_curve,192,7,last_layer,1,4.213084568254221,0.0
W1,ETTm2,knockout_curve,192,7,last_layer,2,4.213084568254221,0.0
W1,ETTm2,knockout_curve,192,7,last_layer,3,4.213084568254221,0.0
W1,ETTm2,knockout_curve,192,7,last_layer,4,4.213084568254221,0.0
W1,ETTm2,knockout_curve,192,7,last_layer,5,4.213084568254221,0.0
W1,ETTm2,knockout_curve,192,7,last_layer,6,4.213084568254221,0.0
W1,ETTm2,knockout_curve,192,11,per_layer,0,4.0380919228572685,-0.0054990396946301
W1,ETTm2,knockout_curve,192,11,per_layer,1,4.041896023319043,-0.0016949392328555
W1,ETTm2,knockout_curve,192,11,per_layer,2,4.041492899991392,-0.0020980625605062
W1,ETTm2,knockout_curve,192,11,per_layer,3,4.03359797306524,-0.0099929894866583
W1,ETTm2,knockout_curve,192,11,per_layer,4,4.036621582821131,-0.0069693797307675
W1,ETTm2,knockout_curve,192,11,per_layer,5,4.032962367678186,-0.0106285948737125
W1,ETTm2,knockout_curve,192,11,per_layer,6,4.0243785095897175,-0.0192124529621811
W1,ETTm2,knockout_curve,192,11,last_layer,0,4.248239668285247,0.0
W1,ETTm2,knockout_curve,192,11,last_layer,1,4.248239668285247,0.0
W1,ETTm2,knockout_curve,192,11,last_layer,2,4.248239668285247,0.0
W1,ETTm2,knockout_curve,192,11,last_layer,3,4.248239668285247,0.0
W1,ETTm2,knockout_curve,192,11,last_layer,4,4.248239668285247,0.0
W1,ETTm2,knockout_curve,192,11,last_layer,5,4.248239668285247,0.0
W1,ETTm2,knockout_curve,192,11,last_layer,6,4.248239668285247,0.0
W1,ETTm2,knockout_curve,192,13,per_layer,0,3.9602453198736542,-0.0664307240169765
W1,ETTm2,knockout_curve,192,13,per_layer,1,4.031877729855301,0.0052016859646704
W1,ETTm2,knockout_curve,192,13,per_layer,2,4.0256299056361335,-0.0010461382544972
W1,ETTm2,knockout_curve,192,13,per_layer,3,4.01284321219435,-0.0138328316962805
W1,ETTm2,knockout_curve,192,13,per_layer,4,4.019015177576622,-0.0076608663140085
W1,ETTm2,knockout_curve,192,13,per_layer,5,4.009979941246165,-0.0166961026444658
W1,ETTm2,knockout_curve,192,13,per_layer,6,3.985639442321444,-0.0410366015691865
W1,ETTm2,knockout_curve,192,13,last_layer,0,4.236730535335927,0.0
W1,ETTm2,knockout_curve,192,13,last_layer,1,4.236730535335927,0.0
W1,ETTm2,knockout_curve,192,13,last_layer,2,4.236730535335927,0.0
W1,ETTm2,knockout_curve,192,13,last_layer,3,4.236730535335927,0.0
W1,ETTm2,knockout_curve,192,13,last_layer,4,4.236730535335927,0.0
W1,ETTm2,knockout_curve,192,13,last_layer,5,4.236730535335927,0.0
W1,ETTm2,knockout_curve,192,13,last_layer,6,4.236730535335927,0.0
W1,ETTm2,knockout_curve,192,17,per_layer,0,4.019664056354643,0.0031055990182684
W1,ETTm2,knockout_curve,192,17,per_layer,1,4.036017188936311,0.0194587315999363
W1,ETTm2,knockout_curve,192,17,per_layer,2,4.010269795802104,-0.0062886615342705
W1,ETTm2,knockout_curve,192,17,per_layer,3,4.016869730672313,0.0003112733359378
W1,ETTm2,knockout_curve,192,17,per_layer,4,4.009823121071426,-0.0067353362649491
W1,ETTm2,knockout_curve,192,17,per_layer,5,4.007781605357252,-0.0087768519791229
W1,ETTm2,knockout_curve,192,17,per_layer,6,4.002478632081024,-0.0140798252553508
W1,ETTm2,knockout_curve,192,17,last_layer,0,4.247206523789076,0.0
W1,ETTm2,knockout_curve,192,17,last_layer,1,4.247206523789076,0.0
W1,ETTm2,knockout_curve,192,17,last_layer,2,4.247206523789076,0.0
W1,ETTm2,knockout_curve,192,17,last_layer,3,4.247206523789076,0.0
W1,ETTm2,knockout_curve,192,17,last_layer,4,4.247206523789076,0.0
W1,ETTm2,knockout_curve,192,17,last_layer,5,4.247206523789076,0.0
W1,ETTm2,knockout_curve,192,17,last_layer,6,4.247206523789076,0.0
W1,ETTm2,knockout_curve,192,19,per_layer,0,3.976720844711661,-0.0344081427675884
W1,ETTm2,knockout_curve,192,19,per_layer,1,3.984961691498143,-0.0261672959811067
W1,ETTm2,knockout_curve,192,19,per_layer,2,4.000678071534144,-0.010450915945106
W1,ETTm2,knockout_curve,192,19,per_layer,3,4.028861241747727,0.017732254268477
W1,ETTm2,knockout_curve,192,19,per_layer,4,4.011207017982933,7.803050368337949e-05
W1,ETTm2,knockout_curve,192,19,per_layer,5,4.005407779999945,-0.0057212074793051
W1,ETTm2,knockout_curve,192,19,per_layer,6,3.9875920030372938,-0.0235369844419559
W1,ETTm2,knockout_curve,192,19,last_layer,0,4.224338883716289,0.0
W1,ETTm2,knockout_curve,192,19,last_layer,1,4.224338883716289,0.0
W1,ETTm2,knockout_curve,192,19,last_layer,2,4.224338883716289,0.0
W1,ETTm2,knockout_curve,192,19,last_layer,3,4.224338883716289,0.0
W1,ETTm2,knockout_curve,192,19,last_layer,4,4.224338883716289,0.0
W1,ETTm2,knockout_curve,192,19,last_layer,5,4.224338883716289,0.0
W1,ETTm2,knockout_curve,192,19,last_layer,6,4.224338883716289,0.0
W1,ETTm2,knockout_curve,192,23,per_layer,0,4.0075956525944525,-0.0239742624242778
W1,ETTm2,knockout_curve,192,23,per_layer,1,4.031321155926359,-0.0002487590923712
W1,ETTm2,knockout_curve,192,23,per_layer,2,4.024462594449302,-0.0071073205694283
W1,ETTm2,knockout_curve,192,23,per_layer,3,4.025034669518744,-0.006535245499986
W1,ETTm2,knockout_curve,192,23,per_layer,4,4.02274945516944,-0.0088204598492902
W1,ETTm2,knockout_curve,192,23,per_layer,5,4.020176838551616,-0.0113930764671144
W1,ETTm2,knockout_curve,192,23,per_layer,6,4.011253653022554,-0.020316261996176
W1,ETTm2,knockout_curve,192,23,last_layer,0,4.215886254725492,0.0
W1,ETTm2,knockout_curve,192,23,last_layer,1,4.215886254725492,0.0
W1,ETTm2,knockout_curve,192,23,last_layer,2,4.215886254725492,0.0
W1,ETTm2,knockout_curve,192,23,last_layer,3,4.215886254725492,0.0
W1,ETTm2,knockout_curve,192,23,last_layer,4,4.215886254725492,0.0
W1,ETTm2,knockout_curve,192,23,last_layer,5,4.215886254725492,0.0
W1,ETTm2,knockout_curve,192,23,last_layer,6,4.215886254725492,0.0
W1,ETTm2,knockout_curve,336,42,per_layer,0,4.413232749745055,-0.0017664208847465
W1,ETTm2,knockout_curve,336,42,per_layer,1,4.426708826152554,0.0117096555227522
W1,ETTm2,knockout_curve,336,42,per_layer,2,4.413047505354107,-0.001951665275695
W1,ETTm2,knockout_curve,336,42,per_layer,3,4.420187859599551,0.0051886889697492
W1,ETTm2,knockout_curve,336,42,per_layer,4,4.409017648788176,-0.0059815218416261
W1,ETTm2,knockout_curve,336,42,per_layer,5,4.4007390582944845,-0.0142601123353172
W1,ETTm2,knockout_curve,336,42,per_layer,6,4.385356046995939,-0.0296431236338623
W1,ETTm2,knockout_curve,336,42,last_layer,0,4.613644357867829,0.0
W1,ETTm2,knockout_curve,336,42,last_layer,1,4.613644357867829,0.0
W1,ETTm2,knockout_curve,336,42,last_layer,2,4.613644357867829,0.0
W1,ETTm2,knockout_curve,336,42,last_layer,3,4.613644357867829,0.0
W1,ETTm2,knockout_curve,336,42,last_layer,4,4.613644357867829,0.0
W1,ETTm2,knockout_curve,336,42,last_layer,5,4.613644357867829,0.0
W1,ETTm2,knockout_curve,336,42,last_layer,6,4.613644357867829,0.0
W1,ETTm2,knockout_curve,336,2,per_layer,0,4.438500408712034,0.0064428102501148
W1,ETTm2,knockout_curve,336,2,per_layer,1,4.447691544264111,0.0156339458021914
W1,ETTm2,knockout_curve,336,2,per_layer,2,4.409811534390901,-0.0222460640710187
W1,ETTm2,knockout_curve,336,2,per_layer,3,4.403348587073792,-0.0287090113881278
W1,ETTm2,knockout_curve,336,2,per_layer,4,4.423952357142334,-0.0081052413195852
W1,ETTm2,knockout_curve,336,2,per_layer,5,4.40153181046943,-0.0305257879924898
W1,ETTm2,knockout_curve,336,2,per_layer,6,4.37491622584852,-0.0571413726133993
W1,ETTm2,knockout_curve,336,2,last_layer,0,4.6339712419748365,0.0
W1,ETTm2,knockout_curve,336,2,last_layer,1,4.6339712419748365,0.0
W1,ETTm2,knockout_curve,336,2,last_layer,2,4.6339712419748365,0.0
W1,ETTm2,knockout_curve,336,2,last_layer,3,4.6339712419748365,0.0
W1,ETTm2,knockout_curve,336,2,last_layer,4,4.6339712419748365,0.0
W1,ETTm2,knockout_curve,336,2,last_layer,5,4.6339712419748365,0.0
W1,ETTm2,knockout_curve,336,2,last_layer,6,4.6339712419748365,0.0
W1,ETTm2,knockout_curve,336,3,per_layer,0,4.385303255067109,-0.0196171664585333
W1,ETTm2,knockout_curve,336,3,per_layer,1,4.434522702543879,0.0296022810182368
W1,ETTm2,knockout_curve,336,3,per_layer,2,4.414246063289915,0.0093256417642724
W1,ETTm2,knockout_curve,336,3,per_layer,3,4.402772704176632,-0.0021477173490103
W1,ETTm2,knockout_curve,336,3,per_layer,4,4.40644999133857,0.0015295698129271
W1,ETTm2,knockout_curve,336,3,per_layer,5,4.398763488157519,-0.0061569333681239
W1,ETTm2,knockout_curve,336,3,per_layer,6,4.387351587077196,-0.0175688344484461
W1,ETTm2,knockout_curve,336,3,last_layer,0,4.63096739208756,0.0
W1,ETTm2,knockout_curve,336,3,last_layer,1,4.63096739208756,0.0
W1,ETTm2,knockout_curve,336,3,last_layer,2,4.63096739208756,0.0
W1,ETTm2,knockout_curve,336,3,last_layer,3,4.63096739208756,0.0
W1,ETTm2,knockout_curve,336,3,last_layer,4,4.63096739208756,0.0
W1,ETTm2,knockout_curve,336,3,last_layer,5,4.63096739208756,0.0
W1,ETTm2,knockout_curve,336,3,last_layer,6,4.63096739208756,0.0
W1,ETTm2,knockout_curve,336,5,per_layer,0,4.398667003008667,-0.0198429492702443
W1,ETTm2,knockout_curve,336,5,per_layer,1,4.417036891057134,-0.0014730612217768
W1,ETTm2,knockout_curve,336,5,per_layer,2,4.415949576397338,-0.0025603758815728
W1,ETTm2,knockout_curve,336,5,per_layer,3,4.414564243719148,-0.0039457085597627
W1,ETTm2,knockout_curve,336,5,per_layer,4,4.4088097229133,-0.0097002293656114
W1,ETTm2,knockout_curve,336,5,per_layer,5,4.3980235810896176,-0.0204863711892935
W1,ETTm2,knockout_curve,336,5,per_layer,6,4.363261192751306,-0.0552487595276049
W1,ETTm2,knockout_curve,336,5,last_layer,0,4.631112336664351,0.0
W1,ETTm2,knockout_curve,336,5,last_layer,1,4.631112336664351,0.0
W1,ETTm2,knockout_curve,336,5,last_layer,2,4.631112336664351,0.0
W1,ETTm2,knockout_curve,336,5,last_layer,3,4.631112336664351,0.0
W1,ETTm2,knockout_curve,336,5,last_layer,4,4.631112336664351,0.0
W1,ETTm2,knockout_curve,336,5,last_layer,5,4.631112336664351,0.0
W1,ETTm2,knockout_curve,336,5,last_layer,6,4.631112336664351,0.0
W1,ETTm2,knockout_curve,336,7,per_layer,0,4.401838502221382,-0.0045967657424368
W1,ETTm2,knockout_curve,336,7,per_layer,1,4.388892838793852,-0.0175424291699677
W1,ETTm2,knockout_curve,336,7,per_layer,2,4.401311959366772,-0.0051233085970476
W1,ETTm2,knockout_curve,336,7,per_layer,3,4.388225005165081,-0.0182102627987381
W1,ETTm2,knockout_curve,336,7,per_layer,4,4.390069136257994,-0.0163661317058254
W1,ETTm2,knockout_curve,336,7,per_layer,5,4.3883896364923975,-0.0180456314714216
W1,ETTm2,knockout_curve,336,7,per_layer,6,4.368050227072788,-0.0383850408910309
W1,ETTm2,knockout_curve,336,7,last_layer,0,4.6133866242427,0.0
W1,ETTm2,knockout_curve,336,7,last_layer,1,4.6133866242427,0.0
W1,ETTm2,knockout_curve,336,7,last_layer,2,4.6133866242427,0.0
W1,ETTm2,knockout_curve,336,7,last_layer,3,4.6133866242427,0.0
W1,ETTm2,knockout_curve,336,7,last_layer,4,4.6133866242427,0.0
W1,ETTm2,knockout_curve,336,7,last_layer,5,4.6133866242427,0.0
W1,ETTm2,knockout_curve,336,7,last_layer,6,4.6133866242427,0.0
W1,ETTm2,knockout_curve,336,11,per_layer,0,4.385641856091969,-0.026298128092332
W1,ETTm2,knockout_curve,336,11,per_layer,1,4.437204384507102,0.0252644003228006
W1,ETTm2,knockout_curve,336,11,per_layer,2,4.422256490055512,0.0103165058712102
W1,ETTm2,knockout_curve,336,11,per_layer,3,4.402056056326252,-0.0098839278580493
W1,ETTm2,knockout_curve,336,11,per_layer,4,4.40593925746225,-0.0060007267220516
W1,ETTm2,knockout_curve,336,11,per_layer,5,4.399533747947355,-0.0124062362369468
W1,ETTm2,knockout_curve,336,11,per_layer,6,4.387787191252572,-0.0241527929317291
W1,ETTm2,knockout_curve,336,11,last_layer,0,4.658402446040912,0.0
W1,ETTm2,knockout_curve,336,11,last_layer,1,4.658402446040912,0.0
W1,ETTm2,knockout_curve,336,11,last_layer,2,4.658402446040912,0.0
W1,ETTm2,knockout_curve,336,11,last_layer,3,4.658402446040912,0.0
W1,ETTm2,knockout_curve,336,11,last_layer,4,4.658402446040912,0.0
W1,ETTm2,knockout_curve,336,11,last_layer,5,4.658402446040912,0.0
W1,ETTm2,knockout_curve,336,11,last_layer,6,4.658402446040912,0.0
W1,ETTm2,knockout_curve,336,13,per_layer,0,4.398276503543544,-0.0268876651489362
W1,ETTm2,knockout_curve,336,13,per_layer,1,4.447150381975136,0.0219862132826555
W1,ETTm2,knockout_curve,336,13,per_layer,2,4.420442473787477,-0.0047216949050028
W1,ETTm2,knockout_curve,336,13,per_layer,3,4.408214899384415,-0.016949269308065
W1,ETTm2,knockout_curve,336,13,per_layer,4,4.413072279664598,-0.0120918890278822
W1,ETTm2,knockout_curve,336,13,per_layer,5,4.409706065272716,-0.015458103419764
W1,ETTm2,knockout_curve,336,13,per_layer,6,4.379136040084751,-0.0460281286077286
W1,ETTm2,knockout_curve,336,13,last_layer,0,4.64089681349751,0.0
W1,ETTm2,knockout_curve,336,13,last_layer,1,4.64089681349751,0.0
W1,ETTm2,knockout_curve,336,13,last_layer,2,4.64089681349751,0.0
W1,ETTm2,knockout_curve,336,13,last_layer,3,4.64089681349751,0.0
W1,ETTm2,knockout_curve,336,13,last_layer,4,4.64089681349751,0.0
W1,ETTm2,knockout_curve,336,13,last_layer,5,4.64089681349751,0.0
W1,ETTm2,knockout_curve,336,13,last_layer,6,4.64089681349751,0.0
W1,ETTm2,knockout_curve,336,17,per_layer,0,4.389754829879364,-0.0017928551247914
W1,ETTm2,knockout_curve,336,17,per_layer,1,4.415379531639594,0.0238318466354385
W1,ETTm2,knockout_curve,336,17,per_layer,2,4.380215838542166,-0.0113318464619895
W1,ETTm2,knockout_curve,336,17,per_layer,3,4.390491456540804,-0.0010562284633515
W1,ETTm2,knockout_curve,336,17,per_layer,4,4.376716649539483,-0.014831035464673
W1,ETTm2,knockout_curve,336,17,per_layer,5,4.3704379966205416,-0.0211096883836141
W1,ETTm2,knockout_curve,336,17,per_layer,6,4.358673588485619,-0.0328740965185367
W1,ETTm2,knockout_curve,336,17,last_layer,0,4.644625148479329,0.0
W1,ETTm2,knockout_curve,336,17,last_layer,1,4.644625148479329,0.0
W1,ETTm2,knockout_curve,336,17,last_layer,2,4.644625148479329,0.0
W1,ETTm2,knockout_curve,336,17,last_layer,3,4.644625148479329,0.0
W1,ETTm2,knockout_curve,336,17,last_layer,4,4.644625148479329,0.0
W1,ETTm2,knockout_curve,336,17,last_layer,5,4.644625148479329,0.0
W1,ETTm2,knockout_curve,336,17,last_layer,6,4.644625148479329,0.0
W1,ETTm2,knockout_curve,336,19,per_layer,0,4.391819366982542,-0.0161231594463791
W1,ETTm2,knockout_curve,336,19,per_layer,1,4.395005297863523,-0.0129372285653985
W1,ETTm2,knockout_curve,336,19,per_layer,2,4.376493534935348,-0.0314489914935736
W1,ETTm2,knockout_curve,336,19,per_layer,3,4.401053630774132,-0.0068888956547894
W1,ETTm2,knockout_curve,336,19,per_layer,4,4.39900838877743,-0.008934137651491
W1,ETTm2,knockout_curve,336,19,per_layer,5,4.398479616295309,-0.0094629101336121
W1,ETTm2,knockout_curve,336,19,per_layer,6,4.382502745829503,-0.0254397805994184
W1,ETTm2,knockout_curve,336,19,last_layer,0,4.673721034130212,0.0
W1,ETTm2,knockout_curve,336,19,last_layer,1,4.673721034130212,0.0
W1,ETTm2,knockout_curve,336,19,last_layer,2,4.673721034130212,0.0
W1,ETTm2,knockout_curve,336,19,last_layer,3,4.673721034130212,0.0
W1,ETTm2,knockout_curve,336,19,last_layer,4,4.673721034130212,0.0
W1,ETTm2,knockout_curve,336,19,last_layer,5,4.673721034130212,0.0
W1,ETTm2,knockout_curve,336,19,last_layer,6,4.673721034130212,0.0
W1,ETTm2,knockout_curve,336,23,per_layer,0,4.405831273905756,-0.0019983986551652
W1,ETTm2,knockout_curve,336,23,per_layer,1,4.357076463233355,-0.0507532093275662
W1,ETTm2,knockout_curve,336,23,per_layer,2,4.388365331634538,-0.0194643409263832
W1,ETTm2,knockout_curve,336,23,per_layer,3,4.389520706285827,-0.0183089662750939
W1,ETTm2,knockout_curve,336,23,per_layer,4,4.3836249440948025,-0.0242047284661186
W1,ETTm2,knockout_curve,336,23,per_layer,5,4.385051204027674,-0.0227784685332474
W1,ETTm2,knockout_curve,336,23,per_layer,6,4.3582753884606,-0.0495542841003215
W1,ETTm2,knockout_curve,336,23,last_layer,0,4.606149540214467,0.0
W1,ETTm2,knockout_curve,336,23,last_layer,1,4.606149540214467,0.0
W1,ETTm2,knockout_curve,336,23,last_layer,2,4.606149540214467,0.0
W1,ETTm2,knockout_curve,336,23,last_layer,3,4.606149540214467,0.0
W1,ETTm2,knockout_curve,336,23,last_layer,4,4.606149540214467,0.0
W1,ETTm2,knockout_curve,336,23,last_layer,5,4.606149540214467,0.0
W1,ETTm2,knockout_curve,336,23,last_layer,6,4.606149540214467,0.0
W1,ETTm2,knockout_curve,720,42,per_layer,0,4.8681361854520135,0.002607304845954
W1,ETTm2,knockout_curve,720,42,per_layer,1,4.86394671938204,-0.0015821612240198
W1,ETTm2,knockout_curve,720,42,per_layer,2,4.861282574553514,-0.0042463060525452
W1,ETTm2,knockout_curve,720,42,per_layer,3,4.863337341711234,-0.0021915388948254
W1,ETTm2,knockout_curve,720,42,per_layer,4,4.862502162648112,-0.0030267179579475
W1,ETTm2,knockout_curve,720,42,per_layer,5,4.861674638006832,-0.0038542425992273
W1,ETTm2,knockout_curve,720,42,per_layer,6,4.856008290158407,-0.0095205904476527
W1,ETTm2,knockout_curve,720,42,last_layer,0,5.083366717036123,0.0
W1,ETTm2,knockout_curve,720,42,last_layer,1,5.083366717036123,0.0
W1,ETTm2,knockout_curve,720,42,last_layer,2,5.083366717036123,0.0
W1,ETTm2,knockout_curve,720,42,last_layer,3,5.083366717036123,0.0
W1,ETTm2,knockout_curve,720,42,last_layer,4,5.083366717036123,0.0
W1,ETTm2,knockout_curve,720,42,last_layer,5,5.083366717036123,0.0
W1,ETTm2,knockout_curve,720,42,last_layer,6,5.083366717036123,0.0
W1,ETTm2,knockout_curve,720,2,per_layer,0,4.897316964106267,0.0001518253237602
W1,ETTm2,knockout_curve,720,2,per_layer,1,4.896937089627395,-0.0002280491551118
W1,ETTm2,knockout_curve,720,2,per_layer,2,4.8991560108684284,0.0019908720859218
W1,ETTm2,knockout_curve,720,2,per_layer,3,4.888401468606944,-0.0087636701755622
W1,ETTm2,knockout_curve,720,2,per_layer,4,4.900124467413531,0.0029593286310243
W1,ETTm2,knockout_curve,720,2,per_layer,5,4.890069390861523,-0.0070957479209834
W1,ETTm2,knockout_curve,720,2,per_layer,6,4.8838891068774775,-0.0132760319050291
W1,ETTm2,knockout_curve,720,2,last_layer,0,4.998443484949468,0.0
W1,ETTm2,knockout_curve,720,2,last_layer,1,4.998443484949468,0.0
W1,ETTm2,knockout_curve,720,2,last_layer,2,4.998443484949468,0.0
W1,ETTm2,knockout_curve,720,2,last_layer,3,4.998443484949468,0.0
W1,ETTm2,knockout_curve,720,2,last_layer,4,4.998443484949468,0.0
W1,ETTm2,knockout_curve,720,2,last_layer,5,4.998443484949468,0.0
W1,ETTm2,knockout_curve,720,2,last_layer,6,4.998443484949468,0.0
W1,ETTm2,knockout_curve,720,3,per_layer,0,4.866035886894284,-0.0039724724391119
W1,ETTm2,knockout_curve,720,3,per_layer,1,4.872447148242143,0.0024387889087478
W1,ETTm2,knockout_curve,720,3,per_layer,2,4.870134323248556,0.0001259639151607
W1,ETTm2,knockout_curve,720,3,per_layer,3,4.86809862330767,-0.0019097360257251
W1,ETTm2,knockout_curve,720,3,per_layer,4,4.868876249015442,-0.0011321103179531
W1,ETTm2,knockout_curve,720,3,per_layer,5,4.866942775801797,-0.0030655835315984
W1,ETTm2,knockout_curve,720,3,per_layer,6,4.866183203643519,-0.003825155689876
W1,ETTm2,knockout_curve,720,3,last_layer,0,5.119520603768774,0.0
W1,ETTm2,knockout_curve,720,3,last_layer,1,5.119520603768774,0.0
W1,ETTm2,knockout_curve,720,3,last_layer,2,5.119520603768774,0.0
W1,ETTm2,knockout_curve,720,3,last_layer,3,5.119520603768774,0.0
W1,ETTm2,knockout_curve,720,3,last_layer,4,5.119520603768774,0.0
W1,ETTm2,knockout_curve,720,3,last_layer,5,5.119520603768774,0.0
W1,ETTm2,knockout_curve,720,3,last_layer,6,5.119520603768774,0.0
W1,ETTm2,knockout_curve,720,5,per_layer,0,4.857195876994788,-0.001095685364864707
W1,ETTm2,knockout_curve,720,5,per_layer,1,4.85739452785202,-0.0008970345076324548
W1,ETTm2,knockout_curve,720,5,per_layer,2,4.859392712169736,0.0011011498100836903
W1,ETTm2,knockout_curve,720,5,per_layer,3,4.859620059248954,0.001328496889301256
W1,ETTm2,knockout_curve,720,5,per_layer,4,4.857689096901247,-0.0006024654584058098
W1,ETTm2,knockout_curve,720,5,per_layer,5,4.856909521902917,-0.0013820404567352895
W1,ETTm2,knockout_curve,720,5,per_layer,6,4.854067245944097,-0.004224316415555762
