dataset,horizon,seed,mode,model_tag,experiment_type,mse_std,mse_real,rmse,mae,mae_std,cg_pearson_mean,cg_spearman_mean,cg_dcor_mean,cg_event_gain,cg_event_hit,cg_maxcorr,cg_bestlag,gc_kernel_tod_dcor,gc_feat_tod_dcor,gc_feat_tod_r2,gc_kernel_feat_dcor,gc_kernel_feat_align,w1_cka_similarity_cnn_gru,w1_layerwise_upward_improvement,w1_inter_path_gradient_align,cka_s,cka_m,cka_d,cka_diag_mean,cka_full_mean,grad_align_s,grad_align_m,grad_align_d,grad_align_mean
ETTm1,96,42,per_layer,HyperConv,W1,0.3283734023571014,7.911545753479004,2.812747011993614,1.5323652029037476,0.3187254342616848,0.0342843793332576,0.2404705137014389,0.119462939202661,1.1991661689974902,0.1516788563829787,0.6535743529639968,-0.4286901595744681,0.4218376675796172,0.4427006476054594,0.0205332553190948,0.999999999,0.999999999,0.0591542843888686,,0.0193181429058313,0.9925905299725352,0.9931303804247156,0.9564126312012,0.9789133252911484,0.9660061675624332,-0.0047438644043424,0.0023589403181046,0.0034288478732568,0.0007880993496135
ETTm1,96,42,last_layer,HyperConv,W1,0.3564493656158447,8.532306671142578,2.9210112411873013,1.6099567413330078,0.344373414982962,,,,,,,,,,,,,0.1386004195996344,,0.0082519305869936,0.9839193798644528,0.9774784641458908,0.956728831208014,0.9707138004760374,0.9694556982550993,-0.0034543752443263,0.0038813633321549,0.0093233352206766,0.0041177116910981
ETTm1,96,2,per_layer,HyperConv,W1,0.3273398876190185,7.881080627441406,2.807326241718516,1.5278563499450684,0.3181503933904582,-0.0222252588719129,0.0297346971929073,0.1811512012323216,1.0950183332501415,0.1774019281914893,0.6345323351897452,-0.979970079787234,0.8344285166397417,0.7000448674024955,0.01836321680301,0.999999999,0.999999999,0.1448946994710887,,-0.0182510297745466,0.992559994545628,0.9897129928453337,0.9694035126860704,0.9828585487622188,0.9630429016023822,0.0029691358295063,0.0040323280524476,0.0042818603387404,0.0038355012543042
ETTm1,96,2,last_layer,HyperConv,W1,0.3600664436817169,8.658623695373535,2.942553940945439,1.6232367753982544,0.3536047748552638,,,,,,,,,,,,,0.1442060187228417,,-0.0059193903580307,0.9807718165885664,0.9587688547524796,0.94012522700037,0.9571145804722352,0.9582373607321106,0.0028131992087172,-0.0073284960181499,-0.0065321102925715,-0.0040895606423685
ETTm1,96,3,per_layer,HyperConv,W1,0.3270463049411773,7.902689933776855,2.8111723415288603,1.5295612812042236,0.3209525666299931,0.0266209617257118,0.2276722490787506,0.1475450978353393,1.175490548300428,0.1337267287234042,0.6577755288279228,-0.452626329787234,0.5684495080219186,0.3494115380827129,0.0162547819881955,0.999999999,0.999999999,0.1218407507461956,,0.0100621106103062,0.9919558661861928,0.9919719060470444,0.9188662590112142,0.9613829545844282,0.9483049510257224,0.0083333389008911,-0.0070845561459835,0.0056319573079614,0.002770491061957
ETTm1,96,3,last_layer,HyperConv,W1,0.3560739159584045,8.545337677001953,2.9232409543179902,1.6082578897476196,0.3507256417694451,,,,,,,,,,,,,0.1115817952180375,,0.0043207663111388,0.9818313494883036,0.9689470012552392,0.9356020975081588,0.9583678630819484,0.957981436370552,0.0008551627144307,0.0020442100383416,5.8490262933576114e-05,0.0008534594706207
ETTm1,96,5,per_layer,HyperConv,W1,0.327288806438446,7.875955104827881,2.806413209922566,1.5249850749969482,0.3192741347709944,0.0524423830211162,0.244103655219078,0.1672573809321433,1.262338178825535,0.1541306515957446,0.6615794018904281,-1.4224567819148937,0.4619173888238103,0.4539468714113508,0.0191369482371567,0.999999999,0.999999999,0.0740003280670158,,-0.0144051034003496,0.9928951886990676,0.9937157252279036,0.9515171412498946,0.972965560408238,0.9670190915974942,0.0046520872511266,0.0038541246200361,-0.0256416531428744,-0.008558933669471
ETTm1,96,5,last_layer,HyperConv,W1,0.3635227382183075,8.691567420959473,2.9481464381810265,1.6220471858978271,0.3508723870529833,,,,,,,,,,,,,0.1069513566723226,,0.0063269860111176,0.97582583984347,0.9629029734944404,0.971867241956623,0.9705702534424256,0.969350191759212,0.0004674264592281,-0.0003722049972013,0.0057309028182643,0.0024833073398352
ETTm1,96,7,per_layer,HyperConv,W1,0.3302911520004272,7.965682029724121,2.8223539873169914,1.5359363555908203,0.3248819538279098,0.0386447608470916,0.2446739971637725,0.1764689681463525,1.177844330984257,0.1307762632978723,0.6578579692003453,-0.625,0.5434836497422039,0.2959835524824382,0.0181355634531321,0.999999999,0.999999999,0.0717077447980253,,-0.0174793768674135,0.9935896643724712,0.9909940605897556,0.9809316653944312,0.989058141854675,0.9796798078753188,-0.003859696202429,-0.0054878031928869,0.0025433828540205,-0.0015806928897957
ETTm1,96,7,last_layer,HyperConv,W1,0.3698418736457824,8.775367736816406,2.962324718327889,1.634945034980774,0.3699822538566968,,,,,,,,,,,,,0.0958425412183821,,0.0019160208757966,0.980988625943212,0.9742989023849112,0.9663295144754928,0.9728466753122036,0.9720027645325904,-0.0012596796808978,0.0035593761573785,-0.0007553288502347,0.000333343771751
ETTm1,96,11,per_layer,HyperConv,W1,0.3286603093147278,7.934021949768066,2.8167395956616343,1.5337196588516235,0.3186880849258333,-0.011866102926433,0.1084183752536773,0.1526009655664627,1.111220569408033,0.1572611923758865,0.6437430803918218,-1.0501994680851063,0.8522556801280544,0.5122805568494982,0.0183776828416489,0.999999999,0.999999999,0.1534108891074307,,-0.0068340995348989,0.9924443923559598,0.9914871376095822,0.980834833744551,0.9888366682125684,0.9798229488848884,-0.0111144698888357,-0.0052249270095146,-0.0016378940033762,-0.0053703536866899
ETTm1,96,11,last_layer,HyperConv,W1,0.365928053855896,8.730076789855957,2.9546703352245505,1.6286513805389404,0.3667157157970637,,,,,,,,,,,,,0.1311717463723689,,-0.0022403094917535,0.9828790237152067,0.975099982154077,0.9774954977402204,0.978538156840418,0.9774946403145508,0.0044511764652559,0.0007485098241632,-0.0049499545005776,-0.0006357844175563
ETTm1,96,13,per_layer,HyperConv,W1,0.3287215232849121,7.906424999237059,2.8118365882883487,1.5305664539337158,0.3196208195010319,0.0883987322449684,0.3407775461673736,0.1511196141662522,1.3636448166266262,0.1600315824468085,0.6770881957276942,-0.649185505319149,0.393698444137711,0.5315188955003269,0.0221043726402629,0.999999999,0.999999999,0.1047062943027851,,0.0239390470087528,0.9892582936910904,0.9913267878159904,0.9548635485148828,0.9749097770241596,0.9777636448243427,0.017486007712156,-0.0084937763595621,0.0070509057760238,0.005591025719037
ETTm1,96,13,last_layer,HyperConv,W1,0.3611912131309509,8.622700691223145,2.936443544702187,1.6159429550170898,0.3497770292471212,,,,,,,,,,,,,0.088246682711483,,-0.0002240811154479,0.9755501375938448,0.9706808552424108,0.9632406699170648,0.969163447642996,0.967965698228264,0.0023603555469753,0.0009030183816013,-0.0085127579423088,-0.0027159322813961
ETTm1,96,17,per_layer,HyperConv,W1,0.3307080864906311,7.980930328369141,2.825054039902448,1.5398142337799072,0.319769430472173,0.0771467164158821,0.2735878825187683,0.1579376265650962,1.286846990744147,0.173578789893617,0.6408759963216636,-0.8581283244680851,0.6475207243725724,0.3868115939497132,0.0161186189113213,0.999999999,0.999999999,0.0681006476627735,,0.0195397101342678,0.9915302643480478,0.9889281580943884,0.973625935565325,0.9837298522147968,0.9727325624296552,0.0037338591631875,-0.0050772733660254,-3.871133005802866e-05,-0.0004004231994071
ETTm1,96,17,last_layer,HyperConv,W1,0.3590184152126312,8.614705085754395,2.935081785190047,1.6140687465667725,0.3506432728206207,,,,,,,,,,,,,0.1244062569358494,,0.0207217205315828,0.98028904232745,0.9760265768085996,0.9748940440584152,0.9770114511975224,0.9754635037316648,-0.0032852994356949,0.0108174044608586,0.0209193449426357,0.0111174635540335
ETTm1,96,19,per_layer,HyperConv,W1,0.3276478052139282,7.906920433044434,2.8119246848101094,1.527546763420105,0.3200710243964385,0.0436485670506954,0.1865920424461364,0.1448761268167407,1.2617797756201012,0.1989278590425532,0.6371631713537833,-1.0969913563829787,0.7127495406075983,0.544004246496568,0.0245049584858415,0.999999999,0.999999999,0.1844991264304405,,0.0138513660058379,0.9926060878453722,0.9882960271709108,0.9782905805439308,0.9857904968658834,0.9757725402339982,-0.005795554939993,0.004852874397369,0.0008787892583256,0.0001072866699612
ETTm1,96,19,last_layer,HyperConv,W1,0.3677294254302978,8.854251861572266,2.975609494132633,1.6326957941055298,0.3636636351135366,,,,,,,,,,,,,0.0947911863852271,,-0.0048138508573174,0.979354388953765,0.9662248428434728,0.965365570980668,0.9698783671432756,0.9682511233872978,0.0009164731991904,-0.0006795846406151,-0.0042915997426042,-0.0017715745872374
ETTm1,96,23,per_layer,HyperConv,W1,0.3300727009773254,7.978045463562012,2.824543407979777,1.539813995361328,0.3214822292301241,-0.0027328117284923,0.1786169111728668,0.1549773290697356,1.1062968295486149,0.1437416888297872,0.6512171681263266,-0.7681183510638298,0.8496562226663449,0.3463625235798029,0.0139272199415236,0.999999999,0.999999999,0.0817902479785927,,0.0064097954891622,0.9941755573654072,0.9917018675885154,0.981166454897822,0.9897752478873226,0.9732563141093474,0.0047257684695363,0.0076121177622199,0.006800133006116,0.0064394530688372
ETTm1,96,23,last_layer,HyperConv,W1,0.3650883138179779,8.765934944152832,2.960732163528615,1.624797224998474,0.3634344807689976,,,,,,,,,,,,,0.1428434766657701,,-0.0088590709492564,0.9801594385599668,0.9709913829785264,0.9564934489019704,0.9674006811241788,0.96674761914468,-0.0054456130765773,-0.0024156150342401,-0.0095298410617525,-0.0063302827724132
ETTm1,192,42,per_layer,HyperConv,W1,0.3800274133682251,9.41889190673828,3.0690213271885685,1.6884047985076904,0.3343781747094971,-0.0519068017601966,0.1020345613360405,0.1674718774142359,1.06000322176479,0.1669186827956989,0.6427859659786359,-1.3805443548387095,0.7958784538813402,0.6382456817359472,0.0238217008065401,0.999999999,0.999999999,0.1929937529002245,,0.0264428593218326,0.982805178516329,0.98351845080471,0.9819389347899375,0.9836273921177294,0.9790884224113116,-0.0004897542616231,0.0015618412786151,0.0001027342625835,0.0003503395459621
ETTm1,192,42,last_layer,HyperConv,W1,0.4146465361118316,10.04448699951172,3.1693038667050715,1.7785587310791016,0.362970423507743,,,,,,,,,,,,,0.1556006711191949,,-0.0026230018120259,0.9758969676803392,0.9358050766373504,0.8807546257242119,0.923921083474092,0.9238026664235994,0.001479399900026,-0.0031150097099165,-0.0010645257418695,-0.0009235424064842
ETTm1,192,2,per_layer,HyperConv,W1,0.380410224199295,9.420340538024902,3.069257326785244,1.68927264213562,0.3356289926877877,-0.0210959948599338,0.0673050656914711,0.1843219725432684,1.0689944650161691,0.1584761424731182,0.6395614485003237,-0.912046370967742,0.7928942473115079,0.5831743118786142,0.0178860843398092,0.999999999,0.999999999,0.1565865459377411,,0.0319408699870109,0.979973807879418,0.9839845287320036,0.9746807895334488,0.9804367605585896,0.967748796684397,-0.0024917886591916,-0.0021961974890727,-0.0038225014678758,-0.0029776395285938
ETTm1,192,2,last_layer,HyperConv,W1,0.4105699360370636,9.984437942504885,3.15981612479348,1.7630250453948977,0.3674207782622351,,,,,,,,,,,,,0.0906718789994799,,0.0085555249825119,0.9677354104652152,0.9270665781889976,0.8471365344929215,0.9046701399736462,0.9044460570033668,0.0022346077874634,0.0009698567820932,-0.0014535525427946,0.0002926102158185
ETTm1,192,3,per_layer,HyperConv,W1,0.3813252449035644,9.460615158081056,3.075811300792208,1.6925666332244873,0.336529409381158,0.080406904220581,0.3112767934799194,0.1695018479297723,1.2381538293920258,0.1204217069892473,0.662772762048838,-0.9233030913978496,0.668046712142455,0.4229750729707333,0.0159949835681371,0.999999999,0.999999999,0.0659394005849377,,-0.0076227467507123,0.9864879192387174,0.9871409563966278,0.9273852179811992,0.963360631278634,0.9565065935949548,-0.000399575958971,-0.0066066367126133,-0.0017369085861624,-0.0027461644430937
ETTm1,192,3,last_layer,HyperConv,W1,0.4130999445915222,10.147324562072754,3.1854865502891005,1.7809993028640747,0.3716247898278181,,,,,,,,,,,,,0.1051153831489651,,0.0025214760098606,0.9775355344532974,0.9499768616780548,0.9594300994349914,0.9622126786139136,0.9614870612297696,0.0024108938234375,-0.0021839572708942,0.0029040564376603,0.0013094346311525
ETTm1,192,5,per_layer,HyperConv,W1,0.3796434104442596,9.430094718933104,3.070845928882318,1.6871391534805298,0.3360719730085196,0.0131254121661186,0.1689558178186416,0.1692804777887054,1.1790455473281485,0.1531838037634408,0.6424971467260139,-0.9314516129032258,0.7060670886945147,0.4952414301088936,0.0153396295666957,0.999999999,0.999999999,0.0983408358326748,,0.0043572480790317,0.9843696362344552,0.9861071612174872,0.9600969796361304,0.9722729671523472,0.9650335350438426,0.0056456817360974,-0.0053384183750865,0.0015062909870027,0.0007333428118614
ETTm1,192,5,last_layer,HyperConv,W1,0.4254587590694427,10.266905784606934,3.20420127092649,1.7872893810272217,0.3943158116722976,,,,,,,,,,,,,0.1296071518511992,,-0.0062501872889697,0.971817507809384,0.9378865657857194,0.9148912571555078,0.9377948142066136,0.937636860811664,-0.0002099214336094,0.0009920311067623,-0.0053671204223529,-0.0020767345601075
ETTm1,192,7,per_layer,HyperConv,W1,0.3838753700256347,9.54213809967041,3.0890351405690435,1.7015388011932373,0.3401673746739222,-0.0083067566156387,0.1576018333435058,0.171243247054561,1.097313758927167,0.150453629032258,0.6428157817325556,-0.6827956989247311,0.7227138163861168,0.388981427102016,0.0158666745842168,0.999999999,0.999999999,0.0983248880052,,-0.0229193307459354,0.9849810634887484,0.9859532567130922,0.9528334992385764,0.9724576658708524,0.9667489832275618,-0.0038746895251892,-0.0055519326697849,0.0001858011374624,-0.0026136915682229
ETTm1,192,7,last_layer,HyperConv,W1,0.4199527502059936,10.135284423828123,3.1835961464714906,1.7852703332901,0.3678749984481829,,,,,,,,,,,,,0.1233754446718526,,0.0071384157054126,0.9747811760745988,0.923153370820712,0.924624615882096,0.9386521772780484,0.9381806546617868,0.0023766708280209,0.0037701242312426,0.0086790977887884,0.0054758404978417
ETTm1,192,11,per_layer,HyperConv,W1,0.3801277577877044,9.434535026550291,3.071568821718031,1.6879714727401731,0.3350258985015039,0.0673155337572097,0.2432478070259094,0.1594402501709019,1.2596027150134286,0.1566280241935483,0.6598569611397553,-0.8608030913978495,0.5981286348318914,0.466153533820839,0.0124869838876885,0.999999999,0.999999999,0.1258108281067877,,-0.0213138237595558,0.9906260290229416,0.9898106725710788,0.9725218378434578,0.9834516608699816,0.974554638526928,0.0077787547728748,-0.0012617384044595,-0.0004550537363957,0.0016669816468061
ETTm1,192,11,last_layer,HyperConv,W1,0.4134010374546051,10.076460838317873,3.174344158770103,1.7706445455551147,0.3581077346308512,,,,,,,,,,,,,0.0903273456417494,,-0.0059839538298547,0.9831213736437564,0.9263046503708648,0.9305517567998466,0.9448821124025548,0.9441503562181636,0.00051053165184,-0.0012037195935108,-0.0023524512830348,-0.0012062471046351
ETTm1,192,13,per_layer,HyperConv,W1,0.3821187019348144,9.47232151031494,3.0777136823159723,1.69441020488739,0.3346514603742543,0.0588812567293643,0.2596390545368194,0.1529991690190799,1.2563373727188196,0.1685987903225806,0.6595363914598136,-0.5945900537634409,0.6412597588073511,0.5788795093514685,0.0220972867544839,0.999999999,0.999999999,0.1130661366173112,,0.0067894863896071,0.9817875997716312,0.9877564032620274,0.972742107087019,0.9820324089736392,0.9731587067874274,-0.0010571637712802,0.0049240490017501,0.0060010597515413,0.0036767071022234
ETTm1,192,13,last_layer,HyperConv,W1,0.4134386479854584,10.112110137939451,3.1799544238777155,1.777040958404541,0.3921262001518703,,,,,,,,,,,,,0.0772057198561167,,-0.003391045378521,0.9696548141035084,0.9248429494577652,0.9017013283613156,0.9278949484785878,0.9278595103779548,0.0011758047684966,0.0092421035689763,-0.0028239891827772,0.0017662641609448
ETTm1,192,17,per_layer,HyperConv,W1,0.382921040058136,9.48656940460205,3.0800275006243125,1.6954857110977173,0.3361194395343662,0.0987850427627563,0.2981384396553039,0.166489264684381,1.326068720487397,0.1678007392473118,0.635052540882465,-0.6511256720430108,0.6659871784717702,0.241107394959745,0.0135282019835146,0.999999999,0.999999999,0.0551348934795484,,-0.005474092438817,0.9869403854001422,0.984763355940644,0.9469611137352002,0.9695378765355274,0.960964236918692,-0.0033871723840502,0.0038066252365277,-0.0050556982806897,-0.0020468841624448
ETTm1,192,17,last_layer,HyperConv,W1,0.4113906621932983,9.96459674835205,3.1566749513296504,1.7700966596603394,0.3622397366395447,,,,,,,,,,,,,0.1485649591322025,,-0.0028944672085344,0.971976954437488,0.9460749093218936,0.953362439292794,0.9567490068354966,0.956525881862531,0.002192399795514,0.0030441768603686,-0.0038969429891689,-0.0001739536651059
ETTm1,192,19,per_layer,HyperConv,W1,0.3794454038143158,9.43254566192627,3.071244969377446,1.688713788986206,0.3335231062140084,0.014179753139615,0.1718456894159317,0.1437005339556662,1.1278455476864913,0.1643565188172043,0.6539661989204174,-1.0873655913978495,0.6466294970250459,0.3887259041014989,0.0188482925719449,0.999999999,0.999999999,0.1952154706126214,,0.0048874458298087,0.9870959001017556,0.9902134223630314,0.9730574863562276,0.9836194989115804,0.9735509349533736,0.0102643862581886,-0.0002985960448226,0.0051880479824905,0.0050708177677434
ETTm1,192,19,last_layer,HyperConv,W1,0.4136586785316467,9.949230194091797,3.1542400343175845,1.7720320224761963,0.3646710882642676,,,,,,,,,,,,,0.0803167677374514,,-0.0061730812303721,0.9677857202164744,0.922614910148711,0.8863807452109722,0.9198607465545852,0.92143361673434,-0.0027196429737104,-0.0042987291328598,-0.0037176491296123,-0.003598527371711
ETTm1,192,23,per_layer,HyperConv,W1,0.3797450661659241,9.438347816467283,3.072189417413465,1.6881128549575806,0.3366539910891705,0.0181203968822956,0.2176149040460586,0.1535460086428874,1.1502859377945642,0.1381048387096774,0.6566233905864817,-0.7911626344086021,0.7357669840799156,0.3550843609109463,0.0153503769287715,0.999999999,0.999999999,0.0960870215390782,,-0.0211114939302206,0.988435398926957,0.991385179595874,0.9796582088678784,0.9864088494481864,0.9769612452048804,0.0018911155576031,0.0112696357233007,-0.0050046195439149,0.0016153777042947
ETTm1,192,23,last_layer,HyperConv,W1,0.4203589856624603,10.10563850402832,3.178936693932158,1.7888522148132324,0.3838240742473378,,,,,,,,,,,,,0.108969809482015,,4.338191502029076e-05,0.976231337721484,0.9520517946722772,0.9526643058905476,0.9594034860628964,0.95909517401287,-0.0012384490454033,0.0042305533106785,-0.0011030582629795,0.000382147677373
ETTm1,336,42,per_layer,HyperConv,W1,0.4265357851982116,10.369478225708008,3.220167421999671,1.811306715011597,0.3490789650726559,-0.0876676365733146,0.0135105056688189,0.1902249423885812,1.0086877308475477,0.1641493055555555,0.6382786099345792,-1.01171875,0.999999999,0.6747673764349653,0.0209268898217565,0.999999999,0.999999999,0.1198277914246815,,0.0177930817008018,0.9870767077004516,0.9852041090397023,0.9547904075565709,0.9769493321210928,0.9447138398260968,-0.0032848962820989,-0.0002845993313794,0.0078222072893595,0.0023325186630174
ETTm1,336,42,last_layer,HyperConv,W1,0.456196665763855,10.894057273864746,3.3006146812169312,1.8852466344833367,0.3700899200127218,,,,,,,,,,,,,0.092471343024923,,-0.0017653430113568,0.9869824710369318,0.9842628143393736,0.968849401957271,0.9783984823037822,0.9782238918810632,8.054662953164677e-05,-0.0015377182024922,-0.0040608734913885,-0.0021567090885838
ETTm1,336,2,per_layer,HyperConv,W1,0.4263423979282379,10.34072494506836,3.215699759782987,1.8118150234222408,0.3478311705801297,-0.050978522747755,0.0165427308529615,0.1917330260747487,1.024756355358598,0.1615451388888888,0.6290960124487862,-0.6958333333333333,0.8628142127963712,0.6272227022105805,0.0188266925715556,0.999999999,0.999999999,0.1566802093946685,,0.0032343294005841,0.988082443347642,0.988969508337113,0.967470773662154,0.982646002273718,0.951641657609405,-0.0093286616573929,0.0024368134704941,-0.0009559632792344,-0.0023787980302144
ETTm1,336,2,last_layer,HyperConv,W1,0.4668276309967041,10.885353088378906,3.299295847355752,1.898138165473938,0.3681705859117938,,,,,,,,,,,,,0.0852784947015721,,0.0006328984163701,0.983807412601127,0.974644811322894,0.9563124489481508,0.9698672034458156,0.9697845766795902,0.0078556982611905,-0.0111281601542981,-0.0075321912292453,-0.0041630710677073
ETTm1,336,3,per_layer,HyperConv,W1,0.4287980496883392,10.4263277053833,3.2289824566546192,1.8187859058380127,0.3532794141401971,-0.0448639132082462,0.0527716726064682,0.1807791169744053,1.0287392549371968,0.1548177083333333,0.6445937023874646,-0.7834201388888888,0.8973686490517612,0.5579296638563281,0.0181210551714682,0.999999999,0.999999999,0.1032353691575708,,-0.0050310995429754,0.990858025825616,0.990878360529712,0.9737726152833416,0.9864709105736994,0.964339738068146,0.0074154708673918,-0.002228062391685,-0.0023956482235447,0.0004554103258256
ETTm1,336,3,last_layer,HyperConv,W1,0.4514696300029754,10.80101203918457,3.286489318282439,1.876747488975525,0.370587401102548,,,,,,,,,,,,,0.0666136283022596,,-0.0108862044289708,0.9865962073587689,0.9695737408701712,0.9183538678388226,0.9532694235506356,0.9506685422919938,-0.0024105352562205,-0.0077319478955462,-0.0343694534061541,-0.0176276180745708
ETTm1,336,5,per_layer,HyperConv,W1,0.4272351562976837,10.396821975708008,3.224410329922048,1.8140019178390503,0.3505360485379853,-0.0895050391554832,-0.0142851192504167,0.2124023923453945,0.9592847178224474,0.1546440972222222,0.6367934318480196,-0.7348090277777778,0.9792688440889156,0.8059629425547545,0.0190889126534173,0.999999999,0.999999999,0.1268221812130118,,-0.0064709112048149,0.9898815354359922,0.9915784259451972,0.9628958483811324,0.981529053296979,0.9571290062659868,-0.0132115699844524,-0.0164691210698447,0.0028096642554561,-0.0072760556203179
ETTm1,336,5,last_layer,HyperConv,W1,0.4685758054256439,10.98051929473877,3.313686662124041,1.905622482299805,0.3785337281623029,,,,,,,,,,,,,0.1329292162364405,,0.0005885824211873,0.978205832803558,0.970746456128004,0.9423618076287958,0.960578458590832,0.9615570239302652,0.004619767403355,0.006705648509337,-0.0090037379138939,-0.0006229117023282
ETTm1,336,7,per_layer,HyperConv,W1,0.4283791482448578,10.410958290100098,3.2266016627560488,1.818096399307251,0.3518260662906,-0.0402311235666275,0.0846769735217094,0.170699878813013,1.0268935048668129,0.1596788194444444,0.6379636040815283,-0.4730902777777778,0.7907119904262884,0.4780891482827591,0.0177641727711874,0.999999999,0.999999999,0.1547913396069252,,-0.011415122076869,0.9880017610325008,0.9870249719975164,0.9466196028934486,0.9745192106124916,0.9425484353456486,0.0032207256531551,0.0074353118925598,0.0104358745569199,0.0075170998231699
ETTm1,336,7,last_layer,HyperConv,W1,0.4681943655014038,10.94704818725586,3.30863237414734,1.8993442058563232,0.372878768556445,,,,,,,,,,,,,0.0816586115125884,,0.0050975242629647,0.982743083653707,0.964592153655892,0.9408476454345222,0.9594804866952084,0.9607907799230888,0.0035299892132245,0.0030225666232663,0.0023926256252678,0.0028975697926836
ETTm1,336,11,per_layer,HyperConv,W1,0.4266841411590576,10.377751350402832,3.221451745782145,1.8129507303237915,0.3508683726525357,-0.0318248532712459,0.0977946147322654,0.1730804630766132,1.056368170443198,0.1607638888888889,0.6380469301240828,-0.9701388888888888,0.9401174032891012,0.6005925105155366,0.0190890361222508,0.999999999,0.999999999,0.1091956189558202,,0.0127785485237836,0.9933653920386456,0.9882399251092386,0.9645132379156296,0.9818254251277748,0.9569327910999936,0.0081353110091087,0.0006977048232374,0.0022472354966638,0.0034868197363834
ETTm1,336,11,last_layer,HyperConv,W1,0.4583081901073456,10.813319206237791,3.2883611733259763,1.881519556045532,0.3515367193653388,,,,,,,,,,,,,0.099011360495595,,-0.0015021211002022,0.9811333466411378,0.9513643309222471,0.9426331136941624,0.9563461887085788,0.9562812341206576,0.0101846079798813,-0.0132043407178305,-0.0166159423744686,-0.0079838989427577
ETTm1,336,13,per_layer,HyperConv,W1,0.4294307827949524,10.43352222442627,3.230096318134533,1.8201299905776973,0.3507675984364466,-0.0921462923288345,0.0058854157105088,0.1987547400137588,0.9503836437982196,0.1493055555555555,0.6428119314427622,-0.6528645833333333,0.9521223607719062,0.8017796049158135,0.0197635781186028,0.999999999,0.999999999,0.131764616975809,,0.0272074062377214,0.9872717341151284,0.9903906862079128,0.9800554287546052,0.986873905677015,0.9675396880135826,0.001395098442943,-0.0045245043759758,0.0079153903716751,0.0024981941784228
ETTm1,336,13,last_layer,HyperConv,W1,0.4699209928512573,10.981907844543455,3.313896172867137,1.900233149528504,0.3707213937694725,,,,,,,,,,,,,0.0580491580983222,,0.0052655553445219,0.9810021686215452,0.9605894032526088,0.9261685683240628,0.9519840924917324,0.9512106510219606,0.0019346764473103,0.0107820308280203,0.0029696366085994,0.0049060463394942
ETTm1,336,17,per_layer,HyperConv,W1,0.4284534454345703,10.398001670837402,3.2245932566507363,1.8173433542251587,0.3498577101644962,-0.005230383016169,0.1467415541410446,0.1509773513970679,1.0964771415262171,0.1509548611111111,0.650540567462917,-0.8767361111111112,0.8603113653889214,0.3581127244452871,0.0165119177924278,0.999999999,0.999999999,0.1121691643857567,,-0.0206534042954444,0.9888059658501022,0.9887204103695372,0.944290318838873,0.9727987586560632,0.9403617194428624,-0.0038226721759681,-0.0019783114813117,0.0030016325638225,-0.000371009946156
ETTm1,336,17,last_layer,HyperConv,W1,0.4566554129123688,10.921391487121582,3.304752863244328,1.886169910430908,0.355108018611925,,,,,,,,,,,,,0.1122791521299031,,0.0096556143835186,0.9778095684099444,0.9621865196048774,0.9662345439346652,0.9683284283951654,0.9680917691011404,0.0126418281637246,-0.0033936350880101,0.0025697133145436,0.0037436465850085
ETTm1,336,19,per_layer,HyperConv,W1,0.4278362095355987,10.390084266662598,3.223365363507928,1.8149948120117188,0.3484284963351208,-0.0539894104003906,0.0639993101358413,0.1669146267420126,1.015603927231859,0.1487847222222222,0.6518732555610405,-1.2140625,0.8056157177261088,0.4112605249879177,0.0206292752327854,0.999999999,0.999999999,0.1706986796037727,,0.030921708792448,0.9869559053398383,0.9869370970680416,0.9546132615921676,0.9769414722047572,0.9553822383862128,0.0016004899226554,-0.0087376892152592,-0.0072204937549107,-0.0051336971214199
ETTm1,336,19,last_layer,HyperConv,W1,0.4609012901782989,10.948531150817873,3.3088564717765974,1.896433711051941,0.3635740339106628,,,,,,,,,,,,,0.050921661462515,,-0.0160044394433498,0.9803612283927932,0.9521747642678332,0.9073324559473332,0.9408613000560452,0.9409727468219524,-0.0147063233287944,-0.0090969547586576,-0.0018029786629841,-0.0075736417376937
ETTm1,336,23,per_layer,HyperConv,W1,0.4270650148391723,10.394158363342283,3.2239972647851745,1.8160005807876587,0.3500177452070936,-0.0818595960736274,-0.0081098545342683,0.1913700121708257,0.9829764963696814,0.1598524305555555,0.6335804611020938,-0.6805555555555556,0.9574337991191392,0.745988687703001,0.0179461095744748,0.999999999,0.999999999,0.1045151296227961,,-0.0285929832607507,0.9868128842508784,0.9875806321779104,0.9674782888554688,0.9818565398523512,0.9476951035350648,0.0024458488577344,0.0065663888727746,0.0038019894160382,0.0042043491013046
ETTm1,336,23,last_layer,HyperConv,W1,0.4710585176944732,11.068312644958496,3.3269073694586835,1.9126925468444824,0.3840272951428879,,,,,,,,,,,,,0.0753486259314262,,-0.0041331276297569,0.9817275294272786,0.9727013622615488,0.941319271172434,0.961887181207386,0.962777000589336,-0.0048037494663162,0.0053732769934259,-0.0066092285168665,-0.0026698043566257
ETTm1,720,42,per_layer,HyperConv,W1,0.5033541917800903,11.050093650817873,3.324168114102816,1.9503843784332275,0.3560988695948539,-0.085568219423294,-0.0224803406745195,0.2187996617225164,0.9776823635883852,0.167782738095238,0.6366812606097474,-0.6233258928571429,0.9660182055975676,0.8958729605855948,0.02294627064657,0.999999999,0.999999999,0.1291770388367684,,-0.0095776198431849,0.9852124931273254,0.9821546659086976,0.9755142603665882,0.983955351330394,0.9659087972528444,0.0001866636855358,0.003873256509745,-0.0042095240612968,-0.0006441045419041
ETTm1,720,42,last_layer,HyperConv,W1,0.5275983214378357,11.651666641235352,3.413453770191615,2.006263732910156,0.3255918758605293,,,,,,,,,,,,,0.1684306510487862,,0.0054374462924897,0.9838676212221537,0.9497902513514486,0.9547157070035924,0.9615842458646536,0.9610710501959454,0.0004610060675547,0.0013100694704643,0.0102770028795514,0.0049104513878131
ETTm1,720,2,per_layer,HyperConv,W1,0.5000329613685608,10.938596725463867,3.307354943979232,1.936282992362976,0.3532454072870765,-0.0707879438996315,-0.0091160787269473,0.1951797883551596,0.982101590236804,0.1547154017857142,0.6236015699212757,-0.5587797619047619,0.8613172892780764,0.770018787321845,0.0209225193628408,0.999999999,0.999999999,0.1595330360846832,,0.0042908317409455,0.9912534186147836,0.9850567180416754,0.9707939590396496,0.9840072837724748,0.9636301532327816,-0.0090003873115749,0.0030248357172932,-0.0011218285524233,-0.0021880841208333
ETTm1,720,2,last_layer,HyperConv,W1,0.5349194407463074,11.990082740783691,3.462669886198176,2.0487165451049805,0.3144227012445821,,,,,,,,,,,,,0.1258717110731085,,0.001377276610583,0.983190943996092,0.9685451318708356,0.9625235657049986,0.9702201888643456,0.9691174954591228,0.0030713953406428,-0.0017875829985936,0.0001641032385915,0.0004371334856961
ETTm1,720,3,per_layer,HyperConv,W1,0.5004311203956604,11.000906944274902,3.31676151453114,1.9399919509887693,0.3550705816443424,-0.0620265118777751,0.0404623784124851,0.1942931718857646,0.9866240294040404,0.1507626488095238,0.6459460626559697,-0.8194754464285714,0.9875574372412216,0.7339473824321724,0.0217693781218621,0.999999999,0.999999999,0.1317927948050272,,8.254844578914344e-05,0.9917942352228826,0.985707481931746,0.9786433757965036,0.9853014468766786,0.9749745603202572,-0.0072551395306672,-0.0001172225363726,0.0071370339056434,0.0009523396546929
ETTm1,720,3,last_layer,HyperConv,W1,0.5168787837028503,11.52781581878662,3.395263733318315,1.993418574333191,0.320038212216552,,,,,,,,,,,,,0.1334220503412795,,-0.0039768512360751,0.9872257719050525,0.9884634549672274,0.9790265287639136,0.984309395921946,0.98253323507504,0.0039423483691113,-0.0013911860807088,-0.0043248241562356,-0.0011245925559859
ETTm1,720,5,per_layer,HyperConv,W1,0.4983211457729339,10.960383415222168,3.3106469783445904,1.93196189403534,0.3507103246857641,-0.0828192979097366,-0.0045850165188312,0.213670281599882,0.9649421755346426,0.1530412946428571,0.6454882912555349,-0.9052269345238096,0.9732253720076004,0.8129451833058182,0.0216926068886336,0.999999999,0.999999999,0.1390717359503894,,-0.0134529471397399,0.9837481488121572,0.9832070035511972,0.9683104926124864,0.979575585273477,0.9676048652957012,-0.0068401119483099,-0.0041159709299522,-0.0030968842334545,-0.0044575454938411
ETTm1,720,5,last_layer,HyperConv,W1,0.5281790494918823,11.617012977600098,3.408373949202185,2.0070269107818604,0.3196445459396161,,,,,,,,,,,,,0.1426519040626294,,-0.0037820658180862,0.9804319096232206,0.9759912420638294,0.9830703958027356,0.9804631100945842,0.9782934789539806,0.0045783492525185,-0.0050890917498053,-0.0043648425617131,-0.0020165732399589
ETTm1,720,7,per_layer,HyperConv,W1,0.5059743523597717,11.121971130371094,3.3349619383691764,1.960879921913147,0.3629483886248574,-0.1099403575062751,-0.0602034032344818,0.2041520946735791,0.9314930237984904,0.1592261904761904,0.6316023904798085,-0.4349888392857143,0.8672375577083823,0.7955963723618612,0.0196723267480487,0.999999999,0.999999999,0.1290087418380621,,0.0052638342604041,0.9850082618804632,0.9862526101594548,0.974364732581152,0.9832275942927984,0.967116947302561,0.0025888909166472,0.0087093526584633,0.0026005434532046,0.0043425882156907
ETTm1,720,7,last_layer,HyperConv,W1,0.525985836982727,11.68710231781006,3.418640419495748,2.013213872909546,0.3237723591248758,,,,,,,,,,,,,0.1400257522680962,,-0.0066437576897442,0.9847604396400736,0.9718211218711956,0.9757437026392884,0.9775402200818356,0.9749327343328243,-0.0023380656785649,0.002828360440385,-0.0025678425145227,-0.0009604197171325
ETTm1,720,11,per_layer,HyperConv,W1,0.498972088098526,10.971064567565918,3.312259737334305,1.9362746477127075,0.3546423165293695,-0.0795766338706016,0.0169696975499391,0.2005202770857623,0.9553737390392816,0.1483909970238095,0.6353988498466578,-0.4694940476190476,0.9932149038884186,0.8192638804924094,0.0236446724645876,0.999999999,0.999999999,0.1253740460381365,,-0.0075257360003888,0.993183384428896,0.9828591315245934,0.9794301239054236,0.984897397762904,0.9689022901387097,-0.0046825221542334,-0.0003627788719762,-0.0041344484839326,-0.003213421072031
ETTm1,720,11,last_layer,HyperConv,W1,0.5418472290039062,11.832776069641112,3.439880240595756,2.040881395339966,0.3389540884835164,,,,,,,,,,,,,0.1199162892669589,,8.338873885804787e-05,0.9819103759379972,0.9708918736366182,0.9757901523407332,0.976418699996094,0.9746748034024146,-0.0031454616888129,0.00151737623403,0.002004157030503,0.000393757168849
ETTm1,720,13,per_layer,HyperConv,W1,0.506998598575592,11.122126579284668,3.334985244237921,1.961142301559448,0.3606727123185025,-0.0985644683241844,-0.0330204106867313,0.2139489435999928,0.950191993898313,0.160946800595238,0.6330840788435409,-0.5531063988095238,0.8856898262961269,0.8375560722273341,0.0211152364013207,0.999999999,0.999999999,0.1288562033009269,,-0.0011391739826649,0.9918366011961784,0.989483556847764,0.9815947884934964,0.9878005306633,0.9713503751319856,0.0048766693640068,-0.0059493718614506,-0.0062364972025239,-0.0029792709432084
ETTm1,720,13,last_layer,HyperConv,W1,0.5400620698928833,11.669055938720703,3.415999991030548,2.011019468307495,0.3287157414621348,,,,,,,,,,,,,0.1202809815983351,,-0.0033307960256934,0.988160370258324,0.9859903950077724,0.9790679787222282,0.9841417442218292,0.97998283941189,0.0009850105172576,-0.0035716368280172,-0.0029280432670067,-0.0019939117746484
ETTm1,720,17,per_layer,HyperConv,W1,0.5018917918205261,11.006391525268556,3.317588209116459,1.9445890188217163,0.3546745335795556,-0.0530447624623775,0.0462936274707317,0.1681639330724504,1.008391454892089,0.149321056547619,0.6426771317991141,-0.8651413690476191,0.999999999,0.5823692616715033,0.0226908684517671,0.999999999,0.999999999,0.1108984690619973,,-0.0205313879996538,0.9901361153144824,0.9898187506459843,0.9732677978762456,0.985142744347232,0.9701319635506446,0.0020295887077821,-0.003897542811829,0.0006321762945395,-0.000262768474925
ETTm1,720,17,last_layer,HyperConv,W1,0.5339258909225464,11.779574394226074,3.4321384579043537,2.024188995361328,0.3310729453852816,,,,,,,,,,,,,0.1545827693475999,,0.0046074097044765,0.9820991481088228,0.9755630076483952,0.95216524670578,0.9677773739793804,0.964425487004892,0.0037957363495867,-0.0014151124077776,0.0026596344939545,0.0018200216236402
ETTm1,720,19,per_layer,HyperConv,W1,0.5086730122566223,11.170561790466309,3.3422390384989384,1.9677871465682983,0.3616400700495586,-0.1087960824370384,-0.053302776068449,0.2161443610888271,0.9397011627609444,0.1459263392857142,0.6386217184280585,-0.6677827380952381,0.8796715979140474,0.9802227819965044,0.0233912582266979,0.999999999,0.999999999,0.1166650683297716,,-0.0481088124215602,0.986753170980312,0.9936633651346726,0.9675739580068498,0.9819919322203428,0.9673981123892116,-0.0106317378063231,0.0043097980508311,0.0048425189652002,0.0002690967692309
ETTm1,720,19,last_layer,HyperConv,W1,0.5300605297088623,11.65925407409668,3.41456499046316,2.016800880432129,0.3192074868581999,,,,,,,,,,,,,0.1143792308775756,,-0.0063676624558866,0.9762600785321311,0.9451823475848125,0.9662696754729704,0.9635080129306977,0.9608784564918754,-0.0004755208878623,0.0028254562078149,-0.009466742711297,-0.0033857653562837
ETTm1,720,23,per_layer,HyperConv,W1,0.5007351636886597,10.990893363952637,3.3152516290551213,1.941288471221924,0.3547862753134739,-0.0939892902970314,-0.0464098714292049,0.2041422963699324,0.9677494928418172,0.1601097470238095,0.6307935839705172,-0.6482514880952381,0.9928977991715692,0.8758945421529564,0.0208361782619694,0.999999999,0.999999999,0.1299630135861381,,-0.0140880905091762,0.9895979347444804,0.9820480077964884,0.9715080232184206,0.9809774748774178,0.9640254357637492,-0.0116449345597031,0.0029788710169889,0.002560527969713,-0.0013786490251841
ETTm1,720,23,last_layer,HyperConv,W1,0.5248501896858215,11.591512680053713,3.40463106372096,1.9991679191589355,0.33795374439782,,,,,,,,,,,,,0.1555614487415831,,-0.0050084982067346,0.9804514070206396,0.9678308831703196,0.966737672787271,0.9712482881666872,0.9693187933363976,-0.0017011287758557,-0.0045453603209191,-0.0053432988780475,-0.004074696403956
ETTm2,96,42,per_layer,HyperConv,W1,0.099025622010231,8.774109840393066,2.962112394962937,1.9401285648345947,0.5492547352489657,-0.002952131209895,0.0611839406192302,0.1425987374258095,1.0143214496139912,0.140625,0.661625184708015,-0.4359208776595745,0.4017679790203788,0.3928003171217026,0.0109877878416677,0.999999999,0.999999999,0.1386577014915202,,-0.0097243105992674,0.9811242497103804,0.9683752165404172,0.9313184775601236,0.961254885956836,0.9117820252855656,-0.0105993467035448,-0.0036446037962279,0.003011662991213,-0.0027789874322723
ETTm2,96,42,last_layer,HyperConv,W1,0.1122985556721687,9.959537506103516,3.155873493361785,2.08303451538086,0.557771621827883,,,,,,,,,,,,,0.1666747552895541,,-0.0084621887654066,0.9571465167875672,0.9269910770741824,0.9306334734265344,0.9377828432125684,0.9337556098187348,-0.0130033578218413,0.0037252256477593,0.0132077464185382,0.0030095678439215
ETTm2,96,2,per_layer,HyperConv,W1,0.0986475199460983,8.706502914428711,2.950678382072284,1.9272643327713013,0.5474707197460332,0.0238205734640359,0.0898345485329628,0.1532723816979799,1.0824160190903522,0.1432430186170212,0.6609223484050573,-0.7392785904255319,0.3474764895430886,0.2433438655588846,0.0124204569312452,0.999999999,0.999999999,0.0924376289114866,,-0.0339360795915126,0.9819546429192268,0.9758729903229504,0.9224722104414091,0.9580181850742028,0.9092722149362736,-0.0131568073510552,0.0038631724487349,-0.0069828881248012,-0.0056479905970063
ETTm2,96,2,last_layer,HyperConv,W1,0.1134915426373481,10.08189296722412,3.175199673599145,2.0795974731445312,0.5973207758867012,,,,,,,,,,,,,0.1877870927236586,,0.0049115847796201,0.9703688244345704,0.9633420624491276,0.933969931639096,0.952635344113952,0.9504706676199774,0.0060471269220381,0.0003119429061629,0.0063301512557781,0.0045297990605338
ETTm2,96,3,per_layer,HyperConv,W1,0.0986689552664756,8.719204902648926,2.952829982008603,1.9314018487930296,0.5436929135192464,0.0146003272384405,0.036384280771017,0.1544501678421568,1.0960264841139198,0.1724983377659574,0.6530475809771294,-0.737782579787234,0.4207215219360777,0.3269519722953701,0.0065941016510405,0.999999999,0.999999999,0.1158582318498835,,0.0261146575212478,0.9854047863835504,0.9764819641356768,0.928973998335501,0.962585278242279,0.9129690434502936,0.0056307475346903,0.0076793610293045,-0.0030254805273194,0.002506253649433
ETTm2,96,3,last_layer,HyperConv,W1,0.1150948330760002,10.169427871704102,3.1889540403875536,2.090912103652954,0.5868378572897576,,,,,,,,,,,,,0.1446219168182874,,0.0135422451421618,0.9701439424359052,0.9339752493355696,0.924810820164267,0.940735124384124,0.9389656262435916,0.0163925103319534,0.0006497217267162,0.0033831111629732,0.0063191139437513
ETTm2,96,5,per_layer,HyperConv,W1,0.099252812564373,8.759414672851562,2.95963083387972,1.935374736785889,0.5422202722273918,0.0357707701623439,0.1209354102611541,0.1616998738784545,1.1446448453241325,0.1632729388297872,0.6539725002716247,-0.780751329787234,0.4350409644681309,0.2408220822867745,0.0062519369710006,0.999999999,0.999999999,0.0768049349346288,,0.0023239911533892,0.9792162521749052,0.9675214200364368,0.9276204615096748,0.9585369645606504,0.9062947607329076,0.0069648810258858,0.0056225461405157,0.0004969273900936,0.0038093766432977
ETTm2,96,5,last_layer,HyperConv,W1,0.1168638840317726,10.38412094116211,3.222440215296804,2.1178970336914062,0.6026380157375545,,,,,,,,,,,,,0.1947375107621856,,0.0057614250108599,0.968820343720278,0.949901024327538,0.9199749682636268,0.9425260563852984,0.9418388021045218,-0.0018614674705454,0.0018782864404528,0.0056478859164682,0.0024253279556028
ETTm2,96,7,per_layer,HyperConv,W1,0.0987903699278831,8.72688102722168,2.954129487213057,1.9330825805664065,0.5434494440262965,0.0188488475978374,0.0739512741565704,0.153640219096471,1.0680747750732908,0.1511386303191489,0.6507703908612269,-0.866688829787234,0.4143503836687706,0.2805650590197104,0.006344590508122,0.999999999,0.999999999,0.1912324570649316,,-0.008509574458003,0.9788570359180052,0.9713933188497216,0.9215685468548844,0.9557342182392002,0.915645101663002,-0.0067378907979279,0.0104256399487858,-0.0079236441931774,-0.0023422048968309
ETTm2,96,7,last_layer,HyperConv,W1,0.1144693419337272,10.132308959960938,3.183128800403926,2.0941593647003174,0.5779967944492949,,,,,,,,,,,,,0.1760247588950704,,0.0153299504891037,0.960905334778698,0.9142673532871366,0.9255027592502206,0.9327101858344504,0.9299529723055208,0.0046794497451126,0.0057975422695759,0.0213768502173364,0.0121549335259123
ETTm2,96,11,per_layer,HyperConv,W1,0.1001624763011932,8.848807334899902,2.974694494380877,1.9439553022384644,0.5570171570348639,0.0207856129854917,0.0879224687814712,0.1384141798545445,1.0739743665797,0.1587433510638297,0.6483867740980938,-0.7169215425531915,0.4181556539535623,0.3187317315509523,0.0080413974874899,0.999999999,0.999999999,0.100667800099709,,0.0007522525265812,0.9793997833028388,0.9740524077209904,0.9129422862746858,0.9539381963612424,0.9041628219440272,0.0058051121701986,-0.0177572497210813,0.0047453775905268,-0.0013811631900264
ETTm2,96,11,last_layer,HyperConv,W1,0.1133983582258224,10.04136562347412,3.1688113896971086,2.0814547538757324,0.5699240801260331,,,,,,,,,,,,,0.1185316469976833,,0.0022810997907072,0.9710922860474904,0.947175383300294,0.8797131146185991,0.9252164276058517,0.9252774032734216,-0.0038538047058675,0.0005200922210922,0.011202595989979,0.0038486232857695
ETTm2,96,13,per_layer,HyperConv,W1,0.0985368862748146,8.682003021240234,2.9465238877769573,1.931699275970459,0.5383499954020255,0.0442007146775722,0.1526577472686767,0.1537991169763767,1.0679175435191397,0.1429521276595744,0.6583328316268867,-0.9071642287234044,0.3671028046099509,0.2352114891897603,0.0063207041662512,0.999999999,0.999999999,0.0954682507255196,,0.0132999597117304,0.9786297110842151,0.9785990533122886,0.9314285303184386,0.9635962441319882,0.9209475374470222,-0.0043504280449576,-0.0105558555932266,-0.0071486291159493,-0.0073226363748881
ETTm2,96,13,last_layer,HyperConv,W1,0.1156080886721611,10.22734546661377,3.198022117905655,2.1088080406188965,0.5801671009595123,,,,,,,,,,,,,0.1335547402922885,,0.0001376056170556,0.9735055967019934,0.959659081236946,0.9318342815744844,0.9519085346061326,0.9497591307238412,0.0030375286951103,-0.0061873488606713,-0.0071489439079979,-0.0039637817221593
ETTm2,96,17,per_layer,HyperConv,W1,0.0989253371953964,8.764638900756836,2.9605132833272063,1.937485814094544,0.5426766591706017,0.0561976432800293,0.1728094220161438,0.1617456201796722,1.1601159638722744,0.171126994680851,0.6396311323344088,-0.5254321808510638,0.5788992337841827,0.2651833076217221,0.0071508702717277,0.999999999,0.999999999,0.0944843541473027,,0.0251419153064489,0.9774158037456316,0.9742552721744973,0.8758696262626288,0.9404679319303751,0.8916037078369163,0.0031712705752877,0.003366271730367,-0.0022240967548755,0.0009146849066689
ETTm2,96,17,last_layer,HyperConv,W1,0.1145997568964958,10.171924591064451,3.1893454800420185,2.0980913639068604,0.5704709396267578,,,,,,,,,,,,,0.1807757631338217,,0.009919423609972,0.9739690443515592,0.9608280952701924,0.9535385291487384,0.9620015263889716,0.9591952716574996,0.0024923328394472,0.009529573433445,0.0127364082608878,0.0088932910469211
ETTm2,96,19,per_layer,HyperConv,W1,0.0990837812423706,8.738884925842285,2.956160504073195,1.928460597991944,0.5516527235693999,-0.0015730705345049,0.0094765285030007,0.1648235043698182,1.011699510054623,0.1409158909574468,0.6554453703446376,-0.9545378989361702,0.4097489334633087,0.3077698312802905,0.006741144500107,0.999999999,0.999999999,0.1511430905512507,,0.0206198841333389,0.9753457588197316,0.9707330752768364,0.9300094899412608,0.9605346673811408,0.9163826068236636,0.0177905850099837,-0.000581188641153,0.0044223177177975,0.0068122494130077
ETTm2,96,19,last_layer,HyperConv,W1,0.114077478647232,10.137585639953612,3.1839575436795027,2.0962226390838623,0.5627316383115428,,,,,,,,,,,,,0.1602182891922631,,0.0118889417499303,0.9768765490298827,0.9563459442305964,0.9176970918014596,0.9459868408083574,0.9448150559121956,0.017762441255296,-0.0026952164631996,-0.0129331763314965,-0.0012378684871852
ETTm2,96,23,per_layer,HyperConv,W1,0.0986452251672744,8.730911254882812,2.9548115430400657,1.9336072206497192,0.5467083631473397,0.0149871641770005,0.0884071886539459,0.147283696990621,1.0564458131359176,0.134516289893617,0.6625779240863401,-0.6614860372340425,0.3834753754733561,0.2779857769550839,0.0058821924684832,0.999999999,0.999999999,0.0871501933690951,,0.0300823878496885,0.9701381769652926,0.9654623493206042,0.8927231826559113,0.938027139946084,0.8997819177618739,0.008327617961317,-0.0090400933935555,0.0008872286262977,0.0001766764306309
ETTm2,96,23,last_layer,HyperConv,W1,0.1134201511740684,10.055339813232422,3.17101558073,2.082066297531128,0.5797115645143658,,,,,,,,,,,,,0.1197555213912567,,-0.0149022797122597,0.9671840524053622,0.9364745973067358,0.9236578259226942,0.9404606058027988,0.93665148800664,-0.0147549773792374,0.0002465724187435,-0.00282741699166,-0.0053570086994239
ETTm2,192,42,per_layer,HyperConv,W1,0.1207876577973365,11.132232666015623,3.3365000623431174,2.1707992553710938,0.6069043217475574,0.0358924902975559,0.11939687281847,0.1402977059570952,1.0626215967925523,0.1357106854838709,0.668595793278885,-0.1759912634408602,0.3082793690814166,0.3862069111598802,0.0118486157745408,0.999999999,0.999999999,0.129729237538878,,-0.0361201092600822,0.9793927598839152,0.967277994791906,0.8889126119463493,0.9372457358699284,0.9217593168774968,-0.0108383907306217,0.0006019915841935,-0.0024078525782969,-0.0039566222896781
ETTm2,192,42,last_layer,HyperConv,W1,0.1427561491727829,12.989387512207031,3.604079287724818,2.3592708110809326,0.671342405690445,,,,,,,,,,,,,0.1634022931640477,,0.0099172880873084,0.9668975453829876,0.9464460280538152,0.9213784084865116,0.9421592151377992,0.9385219137935956,0.0083936824997435,0.0029574644155719,-0.0037324924953663,0.001643545192076
ETTm2,192,2,per_layer,HyperConv,W1,0.1204317286610603,11.109288215637209,3.333059887796378,2.160551309585572,0.6142151797508657,0.0453313998878002,0.0882454514503479,0.1568223010761799,1.11188818317818,0.1554939516129032,0.6574855148947989,-0.6736391129032258,0.3319682149555808,0.2734475203734302,0.009183873479019,0.999999999,0.999999999,0.1467068090746445,,-0.0021761520765721,0.978352822963777,0.9722668477562716,0.877073696690062,0.9375443507724552,0.9021058996947894,0.004232575918112,-0.0003596892871295,-0.0045161247401131,-0.0008289429940534
ETTm2,192,2,last_layer,HyperConv,W1,0.1429495215415954,12.974810600280762,3.60205644046297,2.364832878112793,0.6702929427139807,,,,,,,,,,,,,0.227808512056163,,-0.0007368203368969,0.9667708104521888,0.9220856829349184,0.8809407936065847,0.9178238817915176,0.9155017352964936,0.0097600321942484,-0.0233005916457222,0.0033802207894845,-0.0024200652192134
ETTm2,192,3,per_layer,HyperConv,W1,0.1208768561482429,11.08624267578125,3.3296009784629224,2.166905879974365,0.6037397903762592,0.0534408167004585,0.1665152311325073,0.1517859605851989,1.0262803676242749,0.0844674059139785,0.7095295917275062,-1.0279737903225807,0.2215405788765087,0.2980038669029275,0.0068466467589609,0.999999999,0.999999999,0.09403054718112,,0.0019710001070052,0.9785525869522542,0.9795441428455796,0.6539004539603589,0.8419830972460758,0.8271607469579313,-0.0024404531610482,-0.0003288461823477,-0.0070126795873987,-0.0037966624927126
ETTm2,192,3,last_layer,HyperConv,W1,0.1400059014558792,12.615086555480955,3.551772311886132,2.318803310394287,0.6765820276273793,,,,,,,,,,,,,0.1660382699957874,,0.0022717574611306,0.9685902655725738,0.970218866458184,0.9594461016734964,0.965687153456942,0.9612488986696994,0.0090007302664824,-0.0157438728603162,0.0056310347945538,0.0004866884565705
ETTm2,192,5,per_layer,HyperConv,W1,0.1214873641729354,11.134815216064451,3.336887054735964,2.1672885417938232,0.6109017434273054,0.0027959456201642,0.0391595400869846,0.1584482900495633,1.0584947863238192,0.1535618279569892,0.6484083819446068,-0.623067876344086,0.3929643108538138,0.3129766084639817,0.0069885216275849,0.999999999,0.999999999,0.1936288038633346,,0.0199228785932064,0.9873892522952332,0.9779554565333224,0.9449792231599776,0.9672311195285488,0.9528367617277164,0.0006168278339838,0.0062202032105929,-0.004366100590024,8.225147415449755e-05
ETTm2,192,5,last_layer,HyperConv,W1,0.1453529000282287,13.211566925048828,3.634771922012278,2.389344930648804,0.6828942584419799,,,,,,,,,,,,,0.2198832052159634,,-0.0056372215040028,0.9771789636309334,0.9663408529861648,0.9390677097083237,0.958214600404221,0.9561068844376326,-0.0059249519409139,0.0090585230868157,-0.0146514606102946,-0.0053838913627257
ETTm2,192,7,per_layer,HyperConv,W1,0.1195241510868072,11.013191223144531,3.3186128462272504,2.154747009277344,0.5884464646127884,0.0490053221583366,0.1516566127538681,0.1579851879319346,1.0685254350324631,0.1297883064516129,0.6688213055048596,-0.7937668010752689,0.3632665900767324,0.2449461879963284,0.0067816331574169,0.999999999,0.999999999,0.1460221111124853,,0.0169760938733816,0.9736657881696807,0.9699736299613844,0.9106303526085092,0.9462507058076648,0.9318929649346244,-0.0026321072773311,0.0221209802387734,0.0101307362959178,0.0099099935443768
ETTm2,192,7,last_layer,HyperConv,W1,0.1436757147312164,13.069908142089844,3.6152327922403344,2.380418062210083,0.65237372705937,,,,,,,,,,,,,0.151181376971766,,-0.005284649785608,0.9657259368651182,0.9472396633488216,0.946176342310233,0.9525468363000088,0.950691642885847,-0.0035142292821172,-0.0061429290606058,0.0101000030948937,0.0015693846570335
ETTm2,192,11,per_layer,HyperConv,W1,0.1230481192469596,11.3344087600708,3.366661367003043,2.1876590251922607,0.6302606028156522,0.0098281763494014,0.0814579054713249,0.1379725636778672,1.0387180975227748,0.1513356854838709,0.6435351558588971,-0.4890793010752688,0.3964859306401144,0.3483759803764752,0.0088689715689224,0.999999999,0.999999999,0.1049783096077481,,-0.0095433378592133,0.982606056895078,0.9763222624008638,0.9060335244441452,0.9503703994896924,0.9328407888670088,0.0142075092421864,-0.00678397064939,-0.0029489163192509,0.0008571897468342
ETTm2,192,11,last_layer,HyperConv,W1,0.1431438475847244,13.116262435913086,3.621638087373321,2.386116743087769,0.6411178325148085,,,,,,,,,,,,,0.1599639623062641,,-0.0054177092388272,0.9745391095107802,0.9662429915730149,0.922337134429874,0.9503110910257312,0.9480337617793626,-0.0052302562334706,0.0072809003305151,-0.0047582093091255,-0.0014533342476125
ETTm2,192,13,per_layer,HyperConv,W1,0.1194970682263374,10.977256774902344,3.313194346080885,2.1562695503234863,0.5786046692240823,0.0477309376001358,0.1488295793533325,0.1477602466853896,1.0600353625092296,0.1269321236559139,0.675215239721502,-0.3995295698924731,0.2868787203785816,0.2247657724225281,0.0053327095856286,0.999999999,0.999999999,0.1215701496569744,,-0.0206904765218496,0.9817413835955872,0.9709063478027672,0.8415524256015422,0.9229799159641172,0.8994151728458594,0.0087412594487019,-0.0076302015493032,0.0013593122879408,0.0009000075232314
ETTm2,192,13,last_layer,HyperConv,W1,0.1428278386592865,13.095292091369627,3.618741782908754,2.367985248565674,0.6614143933625947,,,,,,,,,,,,,0.1704696608876963,,0.0079856431111693,0.9746611553286606,0.958982232579466,0.9515114531260448,0.9609658207356728,0.9571031460808102,0.007810548164339,0.0007349768411802,0.0030397447311202,0.0037443263149142
ETTm2,192,17,per_layer,HyperConv,W1,0.1219077706336975,11.294676780700684,3.360755388406107,2.1853318214416504,0.6153920812354101,0.038588210940361,0.1278478503227234,0.1619783090799927,1.153766080286474,0.1809055779569892,0.6404007637748942,-0.5217573924731183,0.5441313421434473,0.3260070938260699,0.0072361172840145,0.999999999,0.999999999,0.1235367432709853,,0.0030979705043137,0.9813777174323716,0.9783303092194964,0.934282363294893,0.9612199370580248,0.9514609366586008,-0.0037244747302599,-0.0020913170304485,0.0016343222929012,-0.000961230948959
ETTm2,192,17,last_layer,HyperConv,W1,0.1449361443519592,13.265518188476562,3.6421859080058727,2.4042341709136963,0.6442452244889344,,,,,,,,,,,,,0.1914518890383332,,0.0008124430314637,0.9785146321617236,0.9687699486390252,0.975491452155011,0.975004817293146,0.9706749571630636,0.00255254563396,0.0025881749987687,-0.0108630176690422,-0.0031868016773812
ETTm2,192,19,per_layer,HyperConv,W1,0.1199124604463577,11.07695770263672,3.3282063792133925,2.162393808364868,0.5995275394242564,0.0401336923241615,0.1339666247367859,0.150625100462111,1.0795217072641257,0.1194556451612903,0.6722217201831304,-1.1228158602150538,0.3684181721789658,0.2998671125548384,0.0065275566040663,0.999999999,0.999999999,0.0849121652167101,,0.0371875651180744,0.9732702635007084,0.9708767149678346,0.8574708861628598,0.9244321508696648,0.9119953025670364,0.0098046703336883,-0.0089752160131553,0.0162577341867825,0.0072045873144876
ETTm2,192,19,last_layer,HyperConv,W1,0.142009437084198,12.971806526184082,3.601639422011049,2.3543684482574463,0.6694291714941479,,,,,,,,,,,,,0.2153254089360393,,0.0080515285953879,0.9662126940656188,0.9470072907449696,0.9308133341266278,0.9460171515826372,0.9433175179304696,0.0049603969168857,0.012452242916557,0.0052109416452605,0.0072083006575238
ETTm2,192,23,per_layer,HyperConv,W1,0.1203820779919624,11.106744766235352,3.332678317245058,2.1731390953063965,0.5979365044062085,0.0360081195831298,0.1437782198190689,0.1407924243641322,1.0990678524969006,0.1427251344086021,0.6655245554535746,-0.0673723118279569,0.275264849017301,0.2103040605537188,0.0051336841726534,0.999999999,0.999999999,0.1135174040295399,,0.0169614758342504,0.9837540417724392,0.980844359261465,0.905648404127604,0.9496895288366894,0.9364364380309322,0.0135105016613452,-0.0206546653830295,-0.0040081118360702,-0.0037589518502256
ETTm2,192,23,last_layer,HyperConv,W1,0.141751617193222,12.875724792480469,3.588276019550401,2.3493340015411377,0.6538718277396102,,,,,,,,,,,,,0.2054176897358784,,-0.0053159641101956,0.9731773323108596,0.9471576404416292,0.9367415624732957,0.9507051826967636,0.9470854869874624,-0.0017768437904937,-0.0120195625995094,-0.0068000301416386,-0.0068561290292745
ETTm2,336,42,per_layer,HyperConv,W1,0.1423747390508651,13.441494941711426,3.666264439686727,2.379300832748413,0.685082046521254,0.0628038272261619,0.2295958995819091,0.1532272967655346,1.1276475831297124,0.1137152777777777,0.6921323338325799,-0.2390625,0.2295174483688,0.2599789526179853,0.0073785054489001,0.999999999,0.999999999,0.0452906417523938,,0.0048263580538332,0.982738381484175,0.9817784956772784,0.8777536399602045,0.9406592530983756,0.9090390702879432,-0.0084190414236235,-0.0039530959616358,0.0135243566526995,0.0022612564553685
ETTm2,336,42,last_layer,HyperConv,W1,0.1709499806165695,16.052242279052734,4.006524962988841,2.634875535964966,0.7211288369691284,,,,,,,,,,,,,0.138605770547113,,0.0096603333950042,0.9519374842497068,0.896481266757605,0.87204070776532,0.9025045269956516,0.9016212021879852,-0.001549115267344,-0.0079239071694194,-0.0017237564870813,-0.003445330619253
ETTm2,336,2,per_layer,HyperConv,W1,0.1448503583669662,13.690248489379885,3.700033579493554,2.391840934753418,0.6963987418547287,0.0448802635073661,0.0763243064284324,0.1592218725206146,1.1281906158301152,0.1714409722222222,0.6503532292683277,-0.6790798611111111,0.3418039511675567,0.2719804489975921,0.0066763624766318,0.999999999,0.999999999,0.1881296747187097,,-0.0217560324817895,0.9888391633006148,0.9790293000618896,0.9321419616600546,0.96381783541417,0.9483541695943736,0.0068266068430759,-0.00461504413736,-0.0056911061475138,-0.0018071704330156
ETTm2,336,2,last_layer,HyperConv,W1,0.1688165366649627,15.859002113342283,3.982336263218148,2.606326103210449,0.7634920475171599,,,,,,,,,,,,,0.1867203402195779,,-0.0146461725234985,0.9601822438180838,0.9266560171163992,0.9175610225415504,0.9330987020083964,0.9307828051415103,-0.000801161226894,-0.0099220324234186,-0.0096401066243274,-0.0071952438819439
ETTm2,336,3,per_layer,HyperConv,W1,0.1458357274532318,13.744878768920898,3.707408632578947,2.413224935531616,0.6660147577418905,0.0750245228409767,0.2330341190099716,0.1657834498427471,1.090422448836681,0.0969184027777777,0.7017318056563517,-0.8654513888888888,0.2438908530316494,0.3342220478320666,0.0058189586457865,0.999999999,0.999999999,0.1382120522560224,,-0.0125967022031545,0.9896416000939146,0.986903725999474,0.9039202675399706,0.9562477709981626,0.9344097365986468,-0.0071006689162278,0.0048768613971414,-0.0023789664623483,-0.0016549306321739
ETTm2,336,3,last_layer,HyperConv,W1,0.1704580187797546,16.029216766357422,4.003650430089698,2.6341195106506348,0.703597926228112,,,,,,,,,,,,,0.1609729700011118,,-0.0062208576127886,0.9644899272054764,0.9195803390811436,0.8969437138825336,0.9228484650659912,0.9226907738513832,-0.0024594554463211,0.0049630089464814,-0.0135665227045732,-0.0050989230161998
ETTm2,336,5,per_layer,HyperConv,W1,0.1450767517089843,13.773552894592283,3.7112737563527007,2.3949625492095947,0.6909392756890297,0.0643705278635025,0.2047896534204483,0.1545496340981036,1.1321997643241453,0.1232204861111111,0.6742937617472745,-0.8011284722222223,0.280871186698272,0.2836524011838241,0.0056898227123454,0.999999999,0.999999999,0.1089394072214253,,-0.0122236097231507,0.9876286976426984,0.9878219413927876,0.9396085209261356,0.9691436659535811,0.95623053189917,-0.0097243908486606,-0.0053653309055815,-0.0073267218172964,-0.0074513727086248
ETTm2,336,5,last_layer,HyperConv,W1,0.1714512705802917,16.141494750976562,4.017647912768933,2.6343796253204346,0.759297652462338,,,,,,,,,,,,,0.1447975839417853,,0.0021489802747964,0.9592253316521756,0.9134533049077168,0.913900429721484,0.9271361913095678,0.925161413763804,-0.0059889792856128,0.0006418131414715,0.0010193781849166,-0.0010908853905046
ETTm2,336,7,per_layer,HyperConv,W1,0.1450668424367904,13.784590721130373,3.712760525691143,2.3998818397521973,0.6739373208418449,0.0965109169483184,0.2182269990444183,0.1785843543103218,1.193945003603585,0.1411458333333333,0.6546086418379582,-0.9022569444444444,0.3415965377588078,0.2444380557062787,0.0052335724155417,0.999999999,0.999999999,0.1260025529008116,,-0.0095452172681689,0.9852048185819569,0.9838456945945796,0.9459763657806736,0.9694942655871598,0.9536361138231882,0.0088770982685916,-0.0065330111683093,-0.0025860720134229,-0.000438577405672
ETTm2,336,7,last_layer,HyperConv,W1,0.1720245331525802,16.15412712097168,4.019219715438767,2.6464052200317383,0.7389105011277178,,,,,,,,,,,,,0.1932377093036632,,-0.0108347423374652,0.9637488483019248,0.90541956362857,0.81062118904556,0.881456994473611,0.881253295852621,0.0017379143056946,-0.0010337950718334,-0.0111026004518473,-0.0045570804125456
ETTm2,336,11,per_layer,HyperConv,W1,0.1443695425987243,13.63569164276123,3.692653739895095,2.3930225372314453,0.6985912354213607,0.034737404435873,0.07850993424654,0.1533737130093144,1.1179623741229685,0.1656684027777777,0.6476106076054594,-0.5310763888888889,0.4012368166308282,0.3530670267763391,0.0087168702261925,0.999999999,0.999999999,0.1920936644711019,,-0.0296221058815717,0.9873188456374882,0.9799719480279931,0.9203707254150074,0.9586080099786692,0.9220327251862844,-0.0121771149893705,-0.0066102300156697,0.0038577995030887,-0.003714470214402
ETTm2,336,11,last_layer,HyperConv,W1,0.1722564697265625,16.29867935180664,4.037162289505667,2.652241945266724,0.714218737960509,,,,,,,,,,,,,0.2078031595319193,,0.0003007300838362,0.9629416535920052,0.9216605434256328,0.9193552158460208,0.9329431499648292,0.9321060008694364,0.0070238701267357,-0.00286054749776,-0.0005995642106389,0.000932564660862
ETTm2,336,13,per_layer,HyperConv,W1,0.1443805992603302,13.615920066833496,3.6899756187315775,2.402063608169556,0.6760670397895304,0.0542755983769893,0.1595132201910019,0.1479243933479192,1.1687953754586893,0.1520399305555555,0.674132269378516,0.0297743055555555,0.3094213230507727,0.2240529348319128,0.0049320287048641,0.999999999,0.999999999,0.1118104834680856,,-0.0081745022907853,0.9876668163575972,0.984114940780354,0.9439400635080236,0.9721258926469986,0.9469134859333694,-0.0025310769859523,0.0153394842319162,0.0063665524635128,0.0063880674117809
ETTm2,336,13,last_layer,HyperConv,W1,0.1720983833074569,16.273818969726562,4.034082171910553,2.6531968116760254,0.7116203325493139,,,,,,,,,,,,,0.1868836681388173,,0.0037373977247625,0.9691658614957972,0.9271869298710628,0.8429493661082885,0.9030556643217466,0.9035565912769314,-0.0123607184489004,0.0039927417705433,-0.0032142118145996,-0.0037683698286447
ETTm2,336,17,per_layer,HyperConv,W1,0.1428033113479614,13.483661651611328,3.672010573461265,2.379700422286988,0.6778457334815975,0.0427949652075767,0.0828908532857894,0.1644649277123346,1.130327290027506,0.1737847222222222,0.6376616737872735,-0.6138020833333333,0.5637548970455056,0.3363342799756991,0.0080790535746501,0.999999999,0.999999999,0.1329834380299829,,0.0120389750227332,0.9846606150632574,0.9867518366117916,0.9473951399869036,0.9726205924891028,0.9537848872022012,0.0210811511066119,0.0020842196202106,-0.0006904308798694,0.0063227784020052
ETTm2,336,17,last_layer,HyperConv,W1,0.1706832498311996,16.074413299560547,4.00929087240631,2.6322200298309326,0.719604927882152,,,,,,,,,,,,,0.2347821887390218,,0.0014644026523455,0.963093330969518,0.9092933017860548,0.911196363693268,0.9261883080027066,0.9239905566195944,0.005911801625802,-0.0014901673181729,-0.0048152392740106,-0.0008003498866819
ETTm2,336,19,per_layer,HyperConv,W1,0.1437694877386093,13.611303329467772,3.689349987391786,2.391672849655152,0.6939279603754248,0.0099139995872974,0.0574091076850891,0.1541502822147527,1.0287478047733505,0.1329861111111111,0.6527000797658126,-0.9873263888888888,0.4028454716014166,0.3540488977643735,0.0065455142897208,0.999999999,0.999999999,0.1171784899422631,,0.0075860084034502,0.98721967474927,0.9825861571199256,0.905137280072284,0.9523793222361,0.9364269392780162,0.0110016826603976,-0.0067321392395495,-0.0029187909948239,-3.104087753941084e-05
ETTm2,336,19,last_layer,HyperConv,W1,0.1733887791633606,16.260555267333984,4.032437881398049,2.651639938354492,0.7331564581278796,,,,,,,,,,,,,0.1758127254058997,,-0.0101016229018569,0.9651387876485288,0.8959152492223315,0.900406693079575,0.91795925397826,0.9173989966666146,0.0014389699338228,-0.0069668942714016,-0.0026492272471144,-0.0027147900595001
ETTm2,336,23,per_layer,HyperConv,W1,0.1428309977054596,13.445928573608398,3.6668690423314,2.382232666015625,0.6631368503697769,0.0642542615532875,0.2102080434560775,0.15216389515715,1.1453181657629707,0.1267795138888889,0.6715287554322238,-0.2779513888888889,0.2149524596804889,0.2095608867898726,0.0042840622718969,0.999999999,0.999999999,0.0707742192527339,,-0.0157979670912027,0.9845165149907148,0.9774025255761044,0.8937006566344687,0.951525669716812,0.927007835954314,0.0051382310252317,0.0014184221961904,0.0058917429626937,0.0043983621901322
ETTm2,336,23,last_layer,HyperConv,W1,0.1718907207250595,16.181060791015625,4.022568929305702,2.6441333293914795,0.7127101369590438,,,,,,,,,,,,,0.1493360685534786,,0.0009440554422326,0.958848468219666,0.8984603915213174,0.8933358248005437,0.9141165334329764,0.9126314232092132,-0.001381292525952,-0.004327300593845,-0.0003013762386979,-0.0017601878508125
ETTm2,720,42,per_layer,HyperConv,W1,0.1744153946638107,16.738052368164062,4.091216490014194,2.6565091609954834,0.8058895452948855,-0.0369692742824554,-0.0559654161334037,0.1814569707780402,0.9987280353615504,0.1772693452380952,0.643862894134597,-0.6588541666666666,0.3746867754290017,0.3884097380065279,0.0066415076756663,0.999999999,0.999999999,0.1674405994054234,,-0.0333219952881336,0.9593531125178484,0.9704836471608528,0.92970148482023,0.958500311846139,0.8935913198506317,-0.0433358114401212,0.0387157413888103,-0.0147799036285126,-0.0076542644268799
ETTm2,720,42,last_layer,HyperConv,W1,0.1956617087125778,19.00028419494629,4.358931542814855,2.847251415252685,0.7802152595049638,,,,,,,,,,,,,0.1501362767613502,,-0.0096049569547176,0.9466245154158944,0.8907286833844624,0.8727596437278362,0.8993154797986443,0.8977569163732683,-0.0022072367381157,-0.0079724655754772,-0.0057233548889353,-0.0053613527562845
ETTm2,720,2,per_layer,HyperConv,W1,0.1749760806560516,16.828205108642578,4.102219534427988,2.658426284790039,0.7999493308733587,-0.0008675310527905,-0.0206833444535732,0.1935277363243707,1.038222073796316,0.1965680803571428,0.6291906990160998,-0.451171875,0.3600752156755343,0.4029614487052574,0.0052647499128344,0.999999999,0.999999999,0.0748144356532525,,0.011580997146666,0.9604165698142516,0.96180216721075,0.9197497457276044,0.9507651963597176,0.882795081251211,0.0012998945633194,-0.0072838170853115,-0.0032572158037645,-0.0031056417793253
ETTm2,720,2,last_layer,HyperConv,W1,0.2038925141096115,19.88674736022949,4.459455948905594,2.9059226512908936,0.7767902793851849,,,,,,,,,,,,,0.2184459917604606,,0.0034976783208549,0.9610505428404184,0.90866747448245,0.9021982727550708,0.921247593697872,0.9199572845546508,0.0064734040565174,-0.0151074560329291,0.0050214967904655,-0.0003148019402038
ETTm2,720,3,per_layer,HyperConv,W1,0.1773242801427841,16.937746047973633,4.115549300879973,2.667810678482056,0.8197778697841231,-0.0154988411813974,-0.0359555892646312,0.174483615703468,1.008838491894061,0.1667131696428571,0.6425120234082059,-0.7528831845238095,0.3416752484489484,0.2702800717440202,0.0045491445511169,0.999999999,0.999999999,0.09997735429846,,0.0134644843637943,0.96203063429713,0.96860992819371,0.9375356727589876,0.9612653771767916,0.8904595079116954,0.0079900787976236,0.0040881460425008,0.0020155299159946,0.0043147199183189
ETTm2,720,3,last_layer,HyperConv,W1,0.1961481571197509,18.937406539916992,4.351713058086091,2.844374418258667,0.7971865909177839,,,,,,,,,,,,,0.1473558918708419,,-0.0042103407904505,0.963199262336413,0.898119490656001,0.8623660130868067,0.901448547589278,0.900809327190276,-0.001020914994866,-0.0020897527321036,-0.0042503409614832,-0.0027103369054841
ETTm2,720,5,per_layer,HyperConv,W1,0.17430484294891357,16.783052444458008,4.0967123946474455,2.657545566558838,0.8007409601866047,-0.05507933348417282,-0.07316189259290695,0.20832754748539314,0.9826472321819026,0.17699032738095238,0.6316586863111711,-0.6102120535714286,0.348541706803936,0.45437375553457776,0.005047561366058699,0.999999999,0.999999999,0.0744629897895439,,0.005691268481314182,0.9521762239815031,0.9386913390402736,0.9261463988417984,0.9454412497642036,0.8741593893117462,0.013729634620257987,0.01800468943678041,0.0036857388245378326,0.010646552083955757
